image_name,label
00000.png,6
00001.png,5
00002.png,4
00003.png,7
00004.png,0
00005.png,1
00006.png,9
00007.png,0
00008.png,1
00009.png,4
00010.png,7
00011.png,1
00012.png,0
00013.png,1
00014.png,4
00015.png,7
00016.png,4
00017.png,6
00018.png,7
00019.png,3
00020.png,7
00021.png,4
00022.png,1
00023.png,5
00024.png,6
00025.png,7
00026.png,3
00027.png,7
00028.png,7
00029.png,6
00030.png,5
00031.png,4
00032.png,7
00033.png,4
00034.png,1
00035.png,3
00036.png,7
00037.png,7
00038.png,1
00039.png,6
00040.png,6
00041.png,7
00042.png,1
00043.png,1
00044.png,6
00045.png,0
00046.png,5
00047.png,7
00048.png,5
00049.png,2
00050.png,0
00051.png,0
00052.png,2
00053.png,3
00054.png,8
00055.png,1
00056.png,2
00057.png,0
00058.png,8
00059.png,3
00060.png,3
00061.png,3
00062.png,2
00063.png,0
00064.png,8
00065.png,1
00066.png,8
00067.png,4
00068.png,8
00069.png,7
00070.png,3
00071.png,6
00072.png,6
00073.png,1
00074.png,9
00075.png,8
00076.png,0
00077.png,4
00078.png,6
00079.png,8
00080.png,0
00081.png,3
00082.png,0
00083.png,3
00084.png,0
00085.png,7
00086.png,0
00087.png,3
00088.png,8
00089.png,0
00090.png,1
00091.png,2
00092.png,2
00093.png,3
00094.png,0
00095.png,6
00096.png,5
00097.png,2
00098.png,2
00099.png,4
00100.png,1
00101.png,9
00102.png,3
00103.png,7
00104.png,1
00105.png,0
00106.png,9
00107.png,8
00108.png,0
00109.png,7
00110.png,1
00111.png,3
00112.png,0
00113.png,3
00114.png,5
00115.png,1
00116.png,6
00117.png,5
00118.png,4
00119.png,6
00120.png,8
00121.png,4
00122.png,4
00123.png,8
00124.png,6
00125.png,4
00126.png,0
00127.png,2
00128.png,3
00129.png,7
00130.png,9
00131.png,3
00132.png,5
00133.png,6
00134.png,5
00135.png,0
00136.png,2
00137.png,3
00138.png,6
00139.png,8
00140.png,9
00141.png,1
00142.png,0
00143.png,2
00144.png,7
00145.png,1
00146.png,0
00147.png,2
00148.png,2
00149.png,7
00150.png,1
00151.png,0
00152.png,7
00153.png,2
00154.png,7
00155.png,0
00156.png,4
00157.png,6
00158.png,0
00159.png,8
00160.png,1
00161.png,2
00162.png,1
00163.png,1
00164.png,3
00165.png,2
00166.png,7
00167.png,3
00168.png,2
00169.png,2
00170.png,2
00171.png,7
00172.png,1
00173.png,0
00174.png,2
00175.png,5
00176.png,4
00177.png,1
00178.png,2
00179.png,7
00180.png,8
00181.png,0
00182.png,2
00183.png,7
00184.png,1
00185.png,2
00186.png,5
00187.png,0
00188.png,7
00189.png,6
00190.png,0
00191.png,8
00192.png,7
00193.png,1
00194.png,0
00195.png,1
00196.png,7
00197.png,4
00198.png,7
00199.png,6
00200.png,2
00201.png,7
00202.png,1
00203.png,1
00204.png,9
00205.png,0
00206.png,3
00207.png,1
00208.png,1
00209.png,8
00210.png,0
00211.png,3
00212.png,6
00213.png,1
00214.png,7
00215.png,5
00216.png,3
00217.png,0
00218.png,8
00219.png,8
00220.png,0
00221.png,0
00222.png,0
00223.png,4
00224.png,9
00225.png,5
00226.png,9
00227.png,0
00228.png,0
00229.png,0
00230.png,1
00231.png,6
00232.png,0
00233.png,1
00234.png,5
00235.png,6
00236.png,0
00237.png,1
00238.png,6
00239.png,8
00240.png,0
00241.png,0
00242.png,7
00243.png,6
00244.png,1
00245.png,5
00246.png,9
00247.png,4
00248.png,0
00249.png,8
00250.png,6
00251.png,4
00252.png,2
00253.png,1
00254.png,2
00255.png,1
00256.png,3
00257.png,1
00258.png,0
00259.png,7
00260.png,3
00261.png,1
00262.png,3
00263.png,5
00264.png,8
00265.png,0
00266.png,2
00267.png,7
00268.png,9
00269.png,0
00270.png,0
00271.png,0
00272.png,6
00273.png,1
00274.png,1
00275.png,7
00276.png,9
00277.png,7
00278.png,1
00279.png,3
00280.png,7
00281.png,4
00282.png,5
00283.png,3
00284.png,8
00285.png,5
00286.png,7
00287.png,1
00288.png,7
00289.png,0
00290.png,1
00291.png,4
00292.png,6
00293.png,6
00294.png,5
00295.png,3
00296.png,2
00297.png,0
00298.png,1
00299.png,0
00300.png,6
00301.png,6
00302.png,6
00303.png,0
00304.png,9
00305.png,0
00306.png,2
00307.png,6
00308.png,0
00309.png,3
00310.png,9
00311.png,6
00312.png,1
00313.png,3
00314.png,6
00315.png,1
00316.png,1
00317.png,2
00318.png,6
00319.png,5
00320.png,2
00321.png,1
00322.png,1
00323.png,1
00324.png,6
00325.png,6
00326.png,6
00327.png,0
00328.png,7
00329.png,0
00330.png,6
00331.png,0
00332.png,2
00333.png,5
00334.png,6
00335.png,0
00336.png,9
00337.png,0
00338.png,2
00339.png,6
00340.png,5
00341.png,1
00342.png,6
00343.png,0
00344.png,5
00345.png,9
00346.png,6
00347.png,6
00348.png,1
00349.png,1
00350.png,8
00351.png,1
00352.png,0
00353.png,7
00354.png,2
00355.png,6
00356.png,0
00357.png,4
00358.png,3
00359.png,0
00360.png,5
00361.png,6
00362.png,1
00363.png,8
00364.png,6
00365.png,0
00366.png,6
00367.png,0
00368.png,3
00369.png,2
00370.png,0
00371.png,1
00372.png,6
00373.png,0
00374.png,6
00375.png,0
00376.png,5
00377.png,2
00378.png,2
00379.png,5
00380.png,7
00381.png,6
00382.png,1
00383.png,6
00384.png,0
00385.png,4
00386.png,7
00387.png,3
00388.png,1
00389.png,1
00390.png,6
00391.png,0
00392.png,9
00393.png,0
00394.png,6
00395.png,7
00396.png,0
00397.png,1
00398.png,1
00399.png,2
00400.png,6
00401.png,7
00402.png,1
00403.png,6
00404.png,0
00405.png,9
00406.png,0
00407.png,2
00408.png,6
00409.png,8
00410.png,6
00411.png,8
00412.png,1
00413.png,4
00414.png,1
00415.png,3
00416.png,6
00417.png,0
00418.png,9
00419.png,0
00420.png,2
00421.png,6
00422.png,1
00423.png,0
00424.png,8
00425.png,0
00426.png,1
00427.png,6
00428.png,1
00429.png,5
00430.png,0
00431.png,1
00432.png,6
00433.png,7
00434.png,7
00435.png,2
00436.png,7
00437.png,1
00438.png,0
00439.png,3
00440.png,1
00441.png,0
00442.png,0
00443.png,3
00444.png,7
00445.png,7
00446.png,0
00447.png,3
00448.png,1
00449.png,2
00450.png,3
00451.png,1
00452.png,8
00453.png,2
00454.png,1
00455.png,2
00456.png,2
00457.png,1
00458.png,6
00459.png,1
00460.png,3
00461.png,8
00462.png,7
00463.png,3
00464.png,7
00465.png,2
00466.png,3
00467.png,7
00468.png,2
00469.png,3
00470.png,7
00471.png,3
00472.png,0
00473.png,0
00474.png,7
00475.png,3
00476.png,5
00477.png,3
00478.png,7
00479.png,3
00480.png,0
00481.png,3
00482.png,2
00483.png,1
00484.png,4
00485.png,1
00486.png,0
00487.png,2
00488.png,2
00489.png,6
00490.png,2
00491.png,8
00492.png,2
00493.png,3
00494.png,4
00495.png,3
00496.png,2
00497.png,3
00498.png,1
00499.png,1
00500.png,2
00501.png,3
00502.png,2
00503.png,6
00504.png,2
00505.png,1
00506.png,2
00507.png,2
00508.png,2
00509.png,1
00510.png,1
00511.png,6
00512.png,2
00513.png,4
00514.png,0
00515.png,2
00516.png,2
00517.png,0
00518.png,3
00519.png,1
00520.png,5
00521.png,0
00522.png,0
00523.png,4
00524.png,3
00525.png,2
00526.png,3
00527.png,0
00528.png,0
00529.png,8
00530.png,3
00531.png,3
00532.png,0
00533.png,8
00534.png,5
00535.png,0
00536.png,2
00537.png,4
00538.png,0
00539.png,0
00540.png,1
00541.png,1
00542.png,5
00543.png,2
00544.png,0
00545.png,2
00546.png,7
00547.png,1
00548.png,3
00549.png,0
00550.png,8
00551.png,0
00552.png,3
00553.png,0
00554.png,0
00555.png,3
00556.png,0
00557.png,2
00558.png,3
00559.png,0
00560.png,4
00561.png,7
00562.png,8
00563.png,1
00564.png,1
00565.png,1
00566.png,1
00567.png,2
00568.png,1
00569.png,1
00570.png,2
00571.png,3
00572.png,8
00573.png,0
00574.png,3
00575.png,7
00576.png,1
00577.png,3
00578.png,3
00579.png,5
00580.png,1
00581.png,1
00582.png,1
00583.png,5
00584.png,7
00585.png,0
00586.png,1
00587.png,4
00588.png,1
00589.png,1
00590.png,8
00591.png,0
00592.png,3
00593.png,0
00594.png,5
00595.png,2
00596.png,0
00597.png,0
00598.png,1
00599.png,1
00600.png,3
00601.png,3
00602.png,7
00603.png,5
00604.png,4
00605.png,7
00606.png,7
00607.png,4
00608.png,1
00609.png,0
00610.png,6
00611.png,1
00612.png,3
00613.png,0
00614.png,0
00615.png,2
00616.png,2
00617.png,6
00618.png,0
00619.png,2
00620.png,1
00621.png,0
00622.png,7
00623.png,0
00624.png,2
00625.png,1
00626.png,0
00627.png,5
00628.png,1
00629.png,7
00630.png,0
00631.png,0
00632.png,1
00633.png,7
00634.png,0
00635.png,6
00636.png,0
00637.png,2
00638.png,1
00639.png,3
00640.png,8
00641.png,1
00642.png,1
00643.png,7
00644.png,7
00645.png,0
00646.png,1
00647.png,3
00648.png,4
00649.png,1
00650.png,0
00651.png,1
00652.png,3
00653.png,6
00654.png,4
00655.png,0
00656.png,2
00657.png,0
00658.png,2
00659.png,1
00660.png,8
00661.png,3
00662.png,0
00663.png,7
00664.png,0
00665.png,4
00666.png,7
00667.png,0
00668.png,7
00669.png,2
00670.png,0
00671.png,0
00672.png,6
00673.png,5
00674.png,0
00675.png,0
00676.png,0
00677.png,6
00678.png,0
00679.png,7
00680.png,0
00681.png,7
00682.png,0
00683.png,0
00684.png,9
00685.png,1
00686.png,6
00687.png,1
00688.png,6
00689.png,0
00690.png,7
00691.png,0
00692.png,1
00693.png,6
00694.png,6
00695.png,6
00696.png,0
00697.png,0
00698.png,7
00699.png,1
00700.png,5
00701.png,0
00702.png,5
00703.png,7
00704.png,0
00705.png,7
00706.png,5
00707.png,0
00708.png,3
00709.png,1
00710.png,3
00711.png,0
00712.png,6
00713.png,6
00714.png,0
00715.png,0
00716.png,7
00717.png,0
00718.png,7
00719.png,0
00720.png,4
00721.png,1
00722.png,5
00723.png,0
00724.png,9
00725.png,1
00726.png,0
00727.png,6
00728.png,3
00729.png,7
00730.png,0
00731.png,4
00732.png,3
00733.png,5
00734.png,5
00735.png,7
00736.png,8
00737.png,6
00738.png,0
00739.png,0
00740.png,1
00741.png,1
00742.png,0
00743.png,0
00744.png,1
00745.png,0
00746.png,3
00747.png,5
00748.png,1
00749.png,3
00750.png,0
00751.png,0
00752.png,2
00753.png,1
00754.png,3
00755.png,3
00756.png,7
00757.png,1
00758.png,4
00759.png,2
00760.png,8
00761.png,5
00762.png,5
00763.png,3
00764.png,8
00765.png,5
00766.png,3
00767.png,4
00768.png,6
00769.png,1
00770.png,0
00771.png,7
00772.png,5
00773.png,1
00774.png,5
00775.png,2
00776.png,4
00777.png,2
00778.png,0
00779.png,6
00780.png,1
00781.png,7
00782.png,6
00783.png,4
00784.png,2
00785.png,2
00786.png,3
00787.png,0
00788.png,1
00789.png,5
00790.png,3
00791.png,8
00792.png,6
00793.png,6
00794.png,6
00795.png,1
00796.png,4
00797.png,9
00798.png,7
00799.png,0
00800.png,6
00801.png,7
00802.png,7
00803.png,4
00804.png,0
00805.png,5
00806.png,4
00807.png,8
00808.png,0
00809.png,0
00810.png,6
00811.png,4
00812.png,0
00813.png,7
00814.png,1
00815.png,4
00816.png,8
00817.png,4
00818.png,5
00819.png,5
00820.png,0
00821.png,3
00822.png,8
00823.png,2
00824.png,3
00825.png,2
00826.png,6
00827.png,7
00828.png,8
00829.png,4
00830.png,1
00831.png,0
00832.png,4
00833.png,0
00834.png,7
00835.png,0
00836.png,5
00837.png,0
00838.png,0
00839.png,6
00840.png,5
00841.png,3
00842.png,7
00843.png,1
00844.png,4
00845.png,7
00846.png,5
00847.png,5
00848.png,4
00849.png,1
00850.png,7
00851.png,6
00852.png,4
00853.png,6
00854.png,5
00855.png,4
00856.png,6
00857.png,8
00858.png,0
00859.png,1
00860.png,1
00861.png,6
00862.png,1
00863.png,1
00864.png,1
00865.png,1
00866.png,5
00867.png,0
00868.png,2
00869.png,7
00870.png,7
00871.png,6
00872.png,7
00873.png,1
00874.png,1
00875.png,2
00876.png,7
00877.png,1
00878.png,3
00879.png,1
00880.png,4
00881.png,0
00882.png,1
00883.png,1
00884.png,4
00885.png,7
00886.png,7
00887.png,1
00888.png,7
00889.png,4
00890.png,4
00891.png,1
00892.png,9
00893.png,7
00894.png,1
00895.png,4
00896.png,1
00897.png,7
00898.png,2
00899.png,6
00900.png,0
00901.png,0
00902.png,0
00903.png,6
00904.png,6
00905.png,2
00906.png,3
00907.png,7
00908.png,0
00909.png,1
00910.png,0
00911.png,6
00912.png,3
00913.png,1
00914.png,4
00915.png,6
00916.png,6
00917.png,5
00918.png,1
00919.png,3
00920.png,4
00921.png,0
00922.png,0
00923.png,1
00924.png,7
00925.png,0
00926.png,6
00927.png,5
00928.png,0
00929.png,0
00930.png,2
00931.png,7
00932.png,0
00933.png,7
00934.png,7
00935.png,0
00936.png,0
00937.png,7
00938.png,4
00939.png,0
00940.png,2
00941.png,9
00942.png,6
00943.png,4
00944.png,0
00945.png,0
00946.png,5
00947.png,4
00948.png,5
00949.png,1
00950.png,7
00951.png,4
00952.png,7
00953.png,4
00954.png,4
00955.png,1
00956.png,2
00957.png,4
00958.png,2
00959.png,5
00960.png,4
00961.png,1
00962.png,7
00963.png,1
00964.png,0
00965.png,1
00966.png,7
00967.png,5
00968.png,1
00969.png,4
00970.png,0
00971.png,9
00972.png,1
00973.png,4
00974.png,4
00975.png,0
00976.png,1
00977.png,4
00978.png,1
00979.png,0
00980.png,1
00981.png,4
00982.png,3
00983.png,1
00984.png,4
00985.png,7
00986.png,2
00987.png,4
00988.png,1
00989.png,9
00990.png,4
00991.png,2
00992.png,6
00993.png,0
00994.png,1
00995.png,2
00996.png,0
00997.png,4
00998.png,2
00999.png,1
01000.png,4
01001.png,1
01002.png,1
01003.png,3
01004.png,4
01005.png,1
01006.png,4
01007.png,0
01008.png,3
01009.png,1
01010.png,1
01011.png,1
01012.png,1
01013.png,1
01014.png,2
01015.png,0
01016.png,1
01017.png,6
01018.png,8
01019.png,2
01020.png,1
01021.png,0
01022.png,2
01023.png,1
01024.png,2
01025.png,2
01026.png,1
01027.png,4
01028.png,4
01029.png,2
01030.png,1
01031.png,7
01032.png,0
01033.png,1
01034.png,1
01035.png,2
01036.png,1
01037.png,2
01038.png,2
01039.png,1
01040.png,5
01041.png,0
01042.png,6
01043.png,3
01044.png,3
01045.png,2
01046.png,6
01047.png,3
01048.png,0
01049.png,5
01050.png,6
01051.png,0
01052.png,3
01053.png,4
01054.png,7
01055.png,2
01056.png,0
01057.png,3
01058.png,0
01059.png,2
01060.png,6
01061.png,3
01062.png,0
01063.png,3
01064.png,1
01065.png,4
01066.png,5
01067.png,0
01068.png,7
01069.png,4
01070.png,5
01071.png,6
01072.png,1
01073.png,9
01074.png,3
01075.png,1
01076.png,4
01077.png,7
01078.png,1
01079.png,3
01080.png,1
01081.png,4
01082.png,5
01083.png,1
01084.png,4
01085.png,6
01086.png,1
01087.png,7
01088.png,3
01089.png,4
01090.png,1
01091.png,4
01092.png,7
01093.png,1
01094.png,3
01095.png,1
01096.png,7
01097.png,2
01098.png,1
01099.png,7
01100.png,7
01101.png,7
01102.png,7
01103.png,8
01104.png,6
01105.png,7
01106.png,0
01107.png,1
01108.png,7
01109.png,4
01110.png,4
01111.png,2
01112.png,5
01113.png,0
01114.png,2
01115.png,5
01116.png,1
01117.png,2
01118.png,3
01119.png,2
01120.png,2
01121.png,0
01122.png,3
01123.png,7
01124.png,1
01125.png,0
01126.png,5
01127.png,1
01128.png,3
01129.png,4
01130.png,0
01131.png,6
01132.png,2
01133.png,6
01134.png,1
01135.png,3
01136.png,8
01137.png,4
01138.png,3
01139.png,7
01140.png,0
01141.png,1
01142.png,5
01143.png,3
01144.png,1
01145.png,1
01146.png,1
01147.png,3
01148.png,8
01149.png,1
01150.png,7
01151.png,5
01152.png,7
01153.png,2
01154.png,0
01155.png,1
01156.png,7
01157.png,6
01158.png,0
01159.png,7
01160.png,7
01161.png,0
01162.png,8
01163.png,3
01164.png,8
01165.png,0
01166.png,5
01167.png,0
01168.png,1
01169.png,8
01170.png,9
01171.png,4
01172.png,1
01173.png,9
01174.png,6
01175.png,8
01176.png,1
01177.png,7
01178.png,6
01179.png,6
01180.png,1
01181.png,8
01182.png,0
01183.png,4
01184.png,0
01185.png,3
01186.png,1
01187.png,9
01188.png,7
01189.png,1
01190.png,1
01191.png,1
01192.png,9
01193.png,7
01194.png,1
01195.png,1
01196.png,1
01197.png,7
01198.png,7
01199.png,1
01200.png,4
01201.png,0
01202.png,4
01203.png,1
01204.png,7
01205.png,6
01206.png,0
01207.png,1
01208.png,1
01209.png,7
01210.png,0
01211.png,1
01212.png,3
01213.png,1
01214.png,7
01215.png,5
01216.png,9
01217.png,3
01218.png,7
01219.png,1
01220.png,1
01221.png,9
01222.png,1
01223.png,3
01224.png,6
01225.png,0
01226.png,1
01227.png,7
01228.png,5
01229.png,1
01230.png,7
01231.png,5
01232.png,4
01233.png,7
01234.png,1
01235.png,7
01236.png,6
01237.png,6
01238.png,6
01239.png,1
01240.png,0
01241.png,3
01242.png,0
01243.png,1
01244.png,6
01245.png,3
01246.png,7
01247.png,3
01248.png,6
01249.png,7
01250.png,1
01251.png,5
01252.png,7
01253.png,3
01254.png,4
01255.png,0
01256.png,1
01257.png,1
01258.png,7
01259.png,0
01260.png,5
01261.png,1
01262.png,7
01263.png,3
01264.png,1
01265.png,1
01266.png,7
01267.png,7
01268.png,3
01269.png,7
01270.png,3
01271.png,0
01272.png,1
01273.png,7
01274.png,0
01275.png,2
01276.png,2
01277.png,6
01278.png,1
01279.png,7
01280.png,0
01281.png,7
01282.png,1
01283.png,7
01284.png,3
01285.png,3
01286.png,3
01287.png,1
01288.png,7
01289.png,1
01290.png,1
01291.png,1
01292.png,0
01293.png,5
01294.png,5
01295.png,1
01296.png,7
01297.png,7
01298.png,2
01299.png,9
01300.png,2
01301.png,6
01302.png,0
01303.png,1
01304.png,9
01305.png,8
01306.png,1
01307.png,7
01308.png,1
01309.png,9
01310.png,7
01311.png,1
01312.png,1
01313.png,4
01314.png,8
01315.png,5
01316.png,0
01317.png,1
01318.png,7
01319.png,7
01320.png,0
01321.png,4
01322.png,7
01323.png,0
01324.png,1
01325.png,9
01326.png,8
01327.png,0
01328.png,3
01329.png,7
01330.png,8
01331.png,5
01332.png,1
01333.png,7
01334.png,1
01335.png,7
01336.png,0
01337.png,1
01338.png,6
01339.png,1
01340.png,6
01341.png,6
01342.png,4
01343.png,0
01344.png,2
01345.png,2
01346.png,7
01347.png,7
01348.png,1
01349.png,0
01350.png,0
01351.png,1
01352.png,9
01353.png,7
01354.png,1
01355.png,6
01356.png,0
01357.png,1
01358.png,0
01359.png,1
01360.png,9
01361.png,8
01362.png,5
01363.png,9
01364.png,7
01365.png,4
01366.png,8
01367.png,4
01368.png,7
01369.png,1
01370.png,4
01371.png,2
01372.png,0
01373.png,1
01374.png,7
01375.png,1
01376.png,4
01377.png,0
01378.png,1
01379.png,4
01380.png,7
01381.png,7
01382.png,6
01383.png,0
01384.png,1
01385.png,0
01386.png,5
01387.png,4
01388.png,0
01389.png,1
01390.png,0
01391.png,5
01392.png,3
01393.png,0
01394.png,5
01395.png,7
01396.png,0
01397.png,1
01398.png,0
01399.png,1
01400.png,0
01401.png,5
01402.png,6
01403.png,4
01404.png,1
01405.png,0
01406.png,8
01407.png,8
01408.png,0
01409.png,2
01410.png,0
01411.png,3
01412.png,1
01413.png,0
01414.png,0
01415.png,2
01416.png,2
01417.png,0
01418.png,0
01419.png,3
01420.png,8
01421.png,0
01422.png,6
01423.png,7
01424.png,9
01425.png,0
01426.png,8
01427.png,7
01428.png,1
01429.png,0
01430.png,7
01431.png,1
01432.png,3
01433.png,6
01434.png,0
01435.png,6
01436.png,3
01437.png,6
01438.png,0
01439.png,1
01440.png,1
01441.png,0
01442.png,0
01443.png,5
01444.png,0
01445.png,4
01446.png,9
01447.png,5
01448.png,0
01449.png,6
01450.png,3
01451.png,4
01452.png,9
01453.png,0
01454.png,4
01455.png,7
01456.png,5
01457.png,1
01458.png,5
01459.png,3
01460.png,6
01461.png,3
01462.png,1
01463.png,5
01464.png,1
01465.png,4
01466.png,1
01467.png,0
01468.png,6
01469.png,0
01470.png,7
01471.png,0
01472.png,9
01473.png,9
01474.png,3
01475.png,0
01476.png,1
01477.png,4
01478.png,0
01479.png,0
01480.png,7
01481.png,7
01482.png,6
01483.png,0
01484.png,1
01485.png,7
01486.png,7
01487.png,2
01488.png,0
01489.png,4
01490.png,7
01491.png,1
01492.png,0
01493.png,2
01494.png,9
01495.png,7
01496.png,1
01497.png,1
01498.png,0
01499.png,1
01500.png,1
01501.png,6
01502.png,2
01503.png,1
01504.png,4
01505.png,3
01506.png,6
01507.png,1
01508.png,7
01509.png,3
01510.png,5
01511.png,1
01512.png,0
01513.png,4
01514.png,9
01515.png,1
01516.png,1
01517.png,0
01518.png,1
01519.png,1
01520.png,5
01521.png,1
01522.png,9
01523.png,0
01524.png,1
01525.png,1
01526.png,8
01527.png,7
01528.png,0
01529.png,4
01530.png,4
01531.png,1
01532.png,1
01533.png,1
01534.png,1
01535.png,3
01536.png,6
01537.png,1
01538.png,9
01539.png,1
01540.png,0
01541.png,1
01542.png,1
01543.png,9
01544.png,1
01545.png,0
01546.png,1
01547.png,1
01548.png,2
01549.png,5
01550.png,1
01551.png,9
01552.png,1
01553.png,0
01554.png,4
01555.png,1
01556.png,7
01557.png,1
01558.png,2
01559.png,4
01560.png,1
01561.png,9
01562.png,1
01563.png,4
01564.png,1
01565.png,4
01566.png,0
01567.png,5
01568.png,1
01569.png,9
01570.png,0
01571.png,0
01572.png,3
01573.png,1
01574.png,9
01575.png,1
01576.png,3
01577.png,1
01578.png,1
01579.png,0
01580.png,1
01581.png,9
01582.png,0
01583.png,1
01584.png,1
01585.png,1
01586.png,1
01587.png,0
01588.png,3
01589.png,9
01590.png,0
01591.png,1
01592.png,0
01593.png,1
01594.png,0
01595.png,1
01596.png,1
01597.png,7
01598.png,1
01599.png,5
01600.png,1
01601.png,9
01602.png,0
01603.png,1
01604.png,4
01605.png,2
01606.png,1
01607.png,4
01608.png,8
01609.png,1
01610.png,1
01611.png,7
01612.png,1
01613.png,2
01614.png,0
01615.png,7
01616.png,0
01617.png,1
01618.png,1
01619.png,6
01620.png,7
01621.png,0
01622.png,0
01623.png,0
01624.png,3
01625.png,7
01626.png,0
01627.png,1
01628.png,6
01629.png,7
01630.png,0
01631.png,0
01632.png,8
01633.png,1
01634.png,7
01635.png,1
01636.png,3
01637.png,0
01638.png,0
01639.png,1
01640.png,7
01641.png,1
01642.png,1
01643.png,7
01644.png,1
01645.png,1
01646.png,1
01647.png,1
01648.png,1
01649.png,6
01650.png,6
01651.png,4
01652.png,6
01653.png,1
01654.png,1
01655.png,7
01656.png,6
01657.png,1
01658.png,6
01659.png,1
01660.png,7
01661.png,6
01662.png,7
01663.png,3
01664.png,2
01665.png,6
01666.png,8
01667.png,7
01668.png,7
01669.png,6
01670.png,9
01671.png,0
01672.png,3
01673.png,0
01674.png,2
01675.png,5
01676.png,4
01677.png,0
01678.png,6
01679.png,7
01680.png,0
01681.png,4
01682.png,4
01683.png,7
01684.png,9
01685.png,4
01686.png,5
01687.png,1
01688.png,9
01689.png,7
01690.png,7
01691.png,1
01692.png,7
01693.png,3
01694.png,0
01695.png,9
01696.png,6
01697.png,7
01698.png,9
01699.png,0
01700.png,4
01701.png,0
01702.png,2
01703.png,5
01704.png,7
01705.png,0
01706.png,1
01707.png,3
01708.png,1
01709.png,0
01710.png,4
01711.png,1
01712.png,4
01713.png,5
01714.png,2
01715.png,3
01716.png,9
01717.png,4
01718.png,2
01719.png,0
01720.png,1
01721.png,3
01722.png,2
01723.png,0
01724.png,4
01725.png,0
01726.png,7
01727.png,2
01728.png,0
01729.png,8
01730.png,7
01731.png,0
01732.png,0
01733.png,0
01734.png,1
01735.png,2
01736.png,0
01737.png,0
01738.png,0
01739.png,6
01740.png,2
01741.png,0
01742.png,3
01743.png,0
01744.png,3
01745.png,1
01746.png,0
01747.png,0
01748.png,0
01749.png,6
01750.png,7
01751.png,7
01752.png,1
01753.png,2
01754.png,6
01755.png,2
01756.png,0
01757.png,0
01758.png,0
01759.png,7
01760.png,0
01761.png,0
01762.png,2
01763.png,0
01764.png,0
01765.png,1
01766.png,3
01767.png,0
01768.png,0
01769.png,0
01770.png,1
01771.png,7
01772.png,9
01773.png,6
01774.png,1
01775.png,7
01776.png,1
01777.png,1
01778.png,9
01779.png,1
01780.png,3
01781.png,1
01782.png,9
01783.png,2
01784.png,1
01785.png,0
01786.png,1
01787.png,7
01788.png,7
01789.png,5
01790.png,1
01791.png,4
01792.png,5
01793.png,6
01794.png,1
01795.png,1
01796.png,4
01797.png,1
01798.png,4
01799.png,1
01800.png,4
01801.png,1
01802.png,9
01803.png,9
01804.png,5
01805.png,0
01806.png,0
01807.png,0
01808.png,1
01809.png,1
01810.png,7
01811.png,1
01812.png,0
01813.png,5
01814.png,1
01815.png,4
01816.png,0
01817.png,4
01818.png,4
01819.png,0
01820.png,9
01821.png,5
01822.png,0
01823.png,7
01824.png,7
01825.png,7
01826.png,0
01827.png,1
01828.png,3
01829.png,9
01830.png,0
01831.png,1
01832.png,8
01833.png,7
01834.png,1
01835.png,2
01836.png,2
01837.png,4
01838.png,0
01839.png,2
01840.png,8
01841.png,4
01842.png,7
01843.png,2
01844.png,8
01845.png,9
01846.png,1
01847.png,5
01848.png,7
01849.png,1
01850.png,1
01851.png,7
01852.png,7
01853.png,0
01854.png,4
01855.png,7
01856.png,0
01857.png,7
01858.png,7
01859.png,1
01860.png,7
01861.png,3
01862.png,7
01863.png,7
01864.png,0
01865.png,1
01866.png,4
01867.png,5
01868.png,2
01869.png,1
01870.png,1
01871.png,1
01872.png,1
01873.png,1
01874.png,8
01875.png,4
01876.png,7
01877.png,1
01878.png,7
01879.png,4
01880.png,1
01881.png,1
01882.png,6
01883.png,0
01884.png,1
01885.png,9
01886.png,1
01887.png,6
01888.png,7
01889.png,0
01890.png,7
01891.png,5
01892.png,7
01893.png,3
01894.png,2
01895.png,3
01896.png,5
01897.png,7
01898.png,1
01899.png,5
01900.png,7
01901.png,0
01902.png,6
01903.png,0
01904.png,1
01905.png,5
01906.png,9
01907.png,1
01908.png,8
01909.png,5
01910.png,7
01911.png,7
01912.png,1
01913.png,5
01914.png,4
01915.png,0
01916.png,7
01917.png,0
01918.png,0
01919.png,7
01920.png,3
01921.png,0
01922.png,7
01923.png,1
01924.png,1
01925.png,7
01926.png,1
01927.png,3
01928.png,7
01929.png,6
01930.png,4
01931.png,8
01932.png,6
01933.png,7
01934.png,1
01935.png,6
01936.png,3
01937.png,6
01938.png,0
01939.png,1
01940.png,4
01941.png,7
01942.png,0
01943.png,6
01944.png,7
01945.png,7
01946.png,6
01947.png,6
01948.png,6
01949.png,0
01950.png,0
01951.png,7
01952.png,0
01953.png,0
01954.png,7
01955.png,6
01956.png,4
01957.png,1
01958.png,6
01959.png,6
01960.png,1
01961.png,0
01962.png,0
01963.png,3
01964.png,2
01965.png,7
01966.png,7
01967.png,7
01968.png,3
01969.png,7
01970.png,7
01971.png,7
01972.png,7
01973.png,7
01974.png,7
01975.png,0
01976.png,1
01977.png,5
01978.png,0
01979.png,1
01980.png,0
01981.png,6
01982.png,2
01983.png,6
01984.png,4
01985.png,6
01986.png,1
01987.png,3
01988.png,7
01989.png,9
01990.png,6
01991.png,7
01992.png,2
01993.png,6
01994.png,1
01995.png,0
01996.png,0
01997.png,9
01998.png,6
01999.png,1
02000.png,1
02001.png,3
02002.png,7
02003.png,1
02004.png,4
02005.png,5
02006.png,8
02007.png,8
02008.png,3
02009.png,1
02010.png,0
02011.png,7
02012.png,1
02013.png,1
02014.png,1
02015.png,6
02016.png,3
02017.png,8
02018.png,4
02019.png,1
02020.png,3
02021.png,3
02022.png,8
02023.png,3
02024.png,1
02025.png,7
02026.png,1
02027.png,7
02028.png,1
02029.png,6
02030.png,0
02031.png,7
02032.png,7
02033.png,4
02034.png,1
02035.png,1
02036.png,7
02037.png,4
02038.png,6
02039.png,0
02040.png,1
02041.png,6
02042.png,0
02043.png,2
02044.png,6
02045.png,7
02046.png,5
02047.png,0
02048.png,1
02049.png,6
02050.png,7
02051.png,2
02052.png,0
02053.png,7
02054.png,7
02055.png,4
02056.png,7
02057.png,6
02058.png,1
02059.png,7
02060.png,1
02061.png,3
02062.png,2
02063.png,6
02064.png,0
02065.png,7
02066.png,1
02067.png,2
02068.png,1
02069.png,7
02070.png,7
02071.png,2
02072.png,7
02073.png,6
02074.png,5
02075.png,7
02076.png,1
02077.png,1
02078.png,1
02079.png,7
02080.png,3
02081.png,1
02082.png,2
02083.png,6
02084.png,9
02085.png,8
02086.png,1
02087.png,2
02088.png,8
02089.png,3
02090.png,1
02091.png,4
02092.png,8
02093.png,0
02094.png,1
02095.png,1
02096.png,9
02097.png,9
02098.png,5
02099.png,6
02100.png,0
02101.png,9
02102.png,8
02103.png,5
02104.png,2
02105.png,5
02106.png,5
02107.png,3
02108.png,7
02109.png,1
02110.png,5
02111.png,7
02112.png,1
02113.png,1
02114.png,3
02115.png,7
02116.png,1
02117.png,0
02118.png,9
02119.png,1
02120.png,1
02121.png,3
02122.png,1
02123.png,7
02124.png,1
02125.png,0
02126.png,3
02127.png,4
02128.png,4
02129.png,1
02130.png,1
02131.png,0
02132.png,1
02133.png,9
02134.png,7
02135.png,5
02136.png,3
02137.png,3
02138.png,7
02139.png,8
02140.png,6
02141.png,3
02142.png,6
02143.png,3
02144.png,7
02145.png,3
02146.png,0
02147.png,5
02148.png,5
02149.png,3
02150.png,4
02151.png,7
02152.png,6
02153.png,8
02154.png,0
02155.png,1
02156.png,6
02157.png,3
02158.png,1
02159.png,3
02160.png,1
02161.png,6
02162.png,5
02163.png,1
02164.png,6
02165.png,0
02166.png,7
02167.png,1
02168.png,1
02169.png,1
02170.png,6
02171.png,5
02172.png,1
02173.png,0
02174.png,2
02175.png,6
02176.png,4
02177.png,9
02178.png,1
02179.png,6
02180.png,3
02181.png,0
02182.png,1
02183.png,1
02184.png,6
02185.png,4
02186.png,1
02187.png,8
02188.png,0
02189.png,6
02190.png,3
02191.png,3
02192.png,0
02193.png,3
02194.png,6
02195.png,7
02196.png,3
02197.png,6
02198.png,3
02199.png,0
02200.png,0
02201.png,6
02202.png,8
02203.png,0
02204.png,2
02205.png,6
02206.png,5
02207.png,7
02208.png,0
02209.png,6
02210.png,4
02211.png,7
02212.png,3
02213.png,6
02214.png,4
02215.png,1
02216.png,1
02217.png,6
02218.png,1
02219.png,4
02220.png,1
02221.png,6
02222.png,1
02223.png,6
02224.png,3
02225.png,4
02226.png,1
02227.png,1
02228.png,6
02229.png,8
02230.png,1
02231.png,5
02232.png,7
02233.png,0
02234.png,5
02235.png,6
02236.png,6
02237.png,1
02238.png,0
02239.png,3
02240.png,3
02241.png,6
02242.png,4
02243.png,6
02244.png,1
02245.png,7
02246.png,6
02247.png,4
02248.png,4
02249.png,4
02250.png,5
02251.png,1
02252.png,5
02253.png,7
02254.png,2
02255.png,9
02256.png,4
02257.png,0
02258.png,5
02259.png,3
02260.png,1
02261.png,9
02262.png,7
02263.png,6
02264.png,7
02265.png,5
02266.png,7
02267.png,6
02268.png,0
02269.png,2
02270.png,0
02271.png,6
02272.png,6
02273.png,5
02274.png,1
02275.png,7
02276.png,6
02277.png,6
02278.png,0
02279.png,3
02280.png,3
02281.png,0
02282.png,7
02283.png,0
02284.png,0
02285.png,6
02286.png,6
02287.png,0
02288.png,3
02289.png,6
02290.png,1
02291.png,1
02292.png,3
02293.png,6
02294.png,3
02295.png,3
02296.png,2
02297.png,3
02298.png,7
02299.png,6
02300.png,5
02301.png,6
02302.png,6
02303.png,1
02304.png,3
02305.png,5
02306.png,2
02307.png,0
02308.png,3
02309.png,5
02310.png,2
02311.png,1
02312.png,3
02313.png,6
02314.png,3
02315.png,2
02316.png,2
02317.png,2
02318.png,3
02319.png,2
02320.png,7
02321.png,1
02322.png,6
02323.png,7
02324.png,3
02325.png,6
02326.png,0
02327.png,5
02328.png,3
02329.png,5
02330.png,5
02331.png,0
02332.png,1
02333.png,5
02334.png,1
02335.png,3
02336.png,6
02337.png,3
02338.png,0
02339.png,1
02340.png,0
02341.png,3
02342.png,0
02343.png,6
02344.png,0
02345.png,2
02346.png,0
02347.png,8
02348.png,0
02349.png,8
02350.png,7
02351.png,0
02352.png,1
02353.png,7
02354.png,5
02355.png,0
02356.png,3
02357.png,8
02358.png,7
02359.png,6
02360.png,0
02361.png,2
02362.png,9
02363.png,3
02364.png,0
02365.png,2
02366.png,5
02367.png,2
02368.png,5
02369.png,4
02370.png,4
02371.png,0
02372.png,1
02373.png,5
02374.png,3
02375.png,2
02376.png,3
02377.png,6
02378.png,4
02379.png,2
02380.png,0
02381.png,6
02382.png,7
02383.png,7
02384.png,4
02385.png,3
02386.png,1
02387.png,4
02388.png,0
02389.png,5
02390.png,2
02391.png,1
02392.png,7
02393.png,0
02394.png,4
02395.png,6
02396.png,3
02397.png,3
02398.png,4
02399.png,7
02400.png,4
02401.png,0
02402.png,4
02403.png,5
02404.png,4
02405.png,6
02406.png,1
02407.png,6
02408.png,3
02409.png,4
02410.png,6
02411.png,0
02412.png,1
02413.png,4
02414.png,6
02415.png,0
02416.png,7
02417.png,1
02418.png,4
02419.png,6
02420.png,7
02421.png,6
02422.png,4
02423.png,5
02424.png,3
02425.png,6
02426.png,9
02427.png,5
02428.png,1
02429.png,4
02430.png,2
02431.png,7
02432.png,4
02433.png,6
02434.png,5
02435.png,5
02436.png,6
02437.png,9
02438.png,7
02439.png,4
02440.png,6
02441.png,0
02442.png,3
02443.png,2
02444.png,7
02445.png,6
02446.png,7
02447.png,4
02448.png,6
02449.png,3
02450.png,9
02451.png,1
02452.png,2
02453.png,6
02454.png,0
02455.png,4
02456.png,0
02457.png,0
02458.png,3
02459.png,1
02460.png,2
02461.png,1
02462.png,7
02463.png,4
02464.png,6
02465.png,4
02466.png,6
02467.png,0
02468.png,0
02469.png,6
02470.png,7
02471.png,1
02472.png,9
02473.png,6
02474.png,0
02475.png,6
02476.png,0
02477.png,1
02478.png,0
02479.png,7
02480.png,4
02481.png,5
02482.png,2
02483.png,1
02484.png,4
02485.png,1
02486.png,7
02487.png,1
02488.png,2
02489.png,0
02490.png,8
02491.png,4
02492.png,7
02493.png,9
02494.png,0
02495.png,4
02496.png,6
02497.png,6
02498.png,0
02499.png,4
02500.png,6
02501.png,1
02502.png,5
02503.png,1
02504.png,4
02505.png,1
02506.png,2
02507.png,1
02508.png,4
02509.png,0
02510.png,9
02511.png,3
02512.png,1
02513.png,1
02514.png,4
02515.png,7
02516.png,5
02517.png,6
02518.png,5
02519.png,5
02520.png,5
02521.png,3
02522.png,1
02523.png,1
02524.png,9
02525.png,0
02526.png,5
02527.png,0
02528.png,0
02529.png,6
02530.png,3
02531.png,1
02532.png,1
02533.png,5
02534.png,7
02535.png,4
02536.png,4
02537.png,4
02538.png,2
02539.png,3
02540.png,1
02541.png,4
02542.png,0
02543.png,4
02544.png,4
02545.png,8
02546.png,1
02547.png,4
02548.png,5
02549.png,9
02550.png,2
02551.png,9
02552.png,7
02553.png,7
02554.png,2
02555.png,3
02556.png,7
02557.png,7
02558.png,2
02559.png,1
02560.png,3
02561.png,7
02562.png,0
02563.png,7
02564.png,5
02565.png,7
02566.png,7
02567.png,0
02568.png,8
02569.png,3
02570.png,0
02571.png,0
02572.png,1
02573.png,7
02574.png,9
02575.png,8
02576.png,6
02577.png,9
02578.png,8
02579.png,0
02580.png,6
02581.png,7
02582.png,4
02583.png,3
02584.png,6
02585.png,1
02586.png,6
02587.png,7
02588.png,5
02589.png,6
02590.png,3
02591.png,0
02592.png,1
02593.png,1
02594.png,7
02595.png,1
02596.png,4
02597.png,1
02598.png,8
02599.png,6
02600.png,7
02601.png,8
02602.png,6
02603.png,2
02604.png,1
02605.png,0
02606.png,4
02607.png,1
02608.png,3
02609.png,0
02610.png,1
02611.png,1
02612.png,6
02613.png,2
02614.png,7
02615.png,1
02616.png,4
02617.png,2
02618.png,0
02619.png,1
02620.png,0
02621.png,4
02622.png,6
02623.png,2
02624.png,8
02625.png,3
02626.png,8
02627.png,3
02628.png,0
02629.png,6
02630.png,7
02631.png,9
02632.png,7
02633.png,7
02634.png,6
02635.png,7
02636.png,1
02637.png,6
02638.png,4
02639.png,7
02640.png,1
02641.png,7
02642.png,6
02643.png,8
02644.png,1
02645.png,1
02646.png,5
02647.png,0
02648.png,5
02649.png,0
02650.png,2
02651.png,3
02652.png,3
02653.png,3
02654.png,3
02655.png,0
02656.png,1
02657.png,7
02658.png,1
02659.png,0
02660.png,7
02661.png,5
02662.png,7
02663.png,0
02664.png,6
02665.png,8
02666.png,7
02667.png,1
02668.png,2
02669.png,2
02670.png,7
02671.png,0
02672.png,1
02673.png,4
02674.png,4
02675.png,7
02676.png,8
02677.png,0
02678.png,0
02679.png,1
02680.png,6
02681.png,1
02682.png,7
02683.png,1
02684.png,2
02685.png,1
02686.png,7
02687.png,1
02688.png,6
02689.png,5
02690.png,7
02691.png,0
02692.png,4
02693.png,4
02694.png,1
02695.png,5
02696.png,4
02697.png,3
02698.png,9
02699.png,0
02700.png,5
02701.png,7
02702.png,4
02703.png,3
02704.png,4
02705.png,5
02706.png,7
02707.png,0
02708.png,9
02709.png,7
02710.png,1
02711.png,0
02712.png,7
02713.png,8
02714.png,1
02715.png,0
02716.png,7
02717.png,8
02718.png,7
02719.png,7
02720.png,7
02721.png,0
02722.png,0
02723.png,1
02724.png,8
02725.png,7
02726.png,1
02727.png,1
02728.png,7
02729.png,0
02730.png,5
02731.png,1
02732.png,4
02733.png,0
02734.png,1
02735.png,3
02736.png,8
02737.png,9
02738.png,7
02739.png,0
02740.png,1
02741.png,1
02742.png,7
02743.png,6
02744.png,9
02745.png,1
02746.png,0
02747.png,3
02748.png,4
02749.png,4
02750.png,6
02751.png,4
02752.png,4
02753.png,7
02754.png,0
02755.png,4
02756.png,4
02757.png,5
02758.png,2
02759.png,4
02760.png,8
02761.png,2
02762.png,9
02763.png,7
02764.png,7
02765.png,6
02766.png,1
02767.png,6
02768.png,8
02769.png,3
02770.png,9
02771.png,6
02772.png,0
02773.png,1
02774.png,6
02775.png,7
02776.png,1
02777.png,1
02778.png,8
02779.png,6
02780.png,7
02781.png,1
02782.png,1
02783.png,7
02784.png,7
02785.png,9
02786.png,7
02787.png,6
02788.png,7
02789.png,1
02790.png,7
02791.png,7
02792.png,1
02793.png,4
02794.png,3
02795.png,9
02796.png,9
02797.png,6
02798.png,6
02799.png,7
02800.png,9
02801.png,6
02802.png,6
02803.png,4
02804.png,7
02805.png,5
02806.png,7
02807.png,7
02808.png,9
02809.png,9
02810.png,7
02811.png,7
02812.png,7
02813.png,7
02814.png,7
02815.png,7
02816.png,7
02817.png,9
02818.png,4
02819.png,7
02820.png,7
02821.png,7
02822.png,4
02823.png,4
02824.png,6
02825.png,6
02826.png,7
02827.png,9
02828.png,1
02829.png,1
02830.png,2
02831.png,7
02832.png,7
02833.png,7
02834.png,7
02835.png,7
02836.png,7
02837.png,6
02838.png,7
02839.png,7
02840.png,7
02841.png,5
02842.png,7
02843.png,9
02844.png,9
02845.png,7
02846.png,7
02847.png,4
02848.png,0
02849.png,0
02850.png,6
02851.png,0
02852.png,6
02853.png,6
02854.png,1
02855.png,4
02856.png,6
02857.png,6
02858.png,1
02859.png,1
02860.png,6
02861.png,6
02862.png,1
02863.png,2
02864.png,6
02865.png,6
02866.png,4
02867.png,2
02868.png,6
02869.png,6
02870.png,0
02871.png,3
02872.png,6
02873.png,3
02874.png,7
02875.png,3
02876.png,5
02877.png,4
02878.png,0
02879.png,0
02880.png,6
02881.png,5
02882.png,0
02883.png,2
02884.png,6
02885.png,5
02886.png,8
02887.png,0
02888.png,8
02889.png,6
02890.png,6
02891.png,3
02892.png,0
02893.png,6
02894.png,4
02895.png,0
02896.png,5
02897.png,4
02898.png,1
02899.png,0
02900.png,1
02901.png,6
02902.png,5
02903.png,1
02904.png,0
02905.png,6
02906.png,4
02907.png,6
02908.png,0
02909.png,7
02910.png,3
02911.png,6
02912.png,4
02913.png,8
02914.png,3
02915.png,8
02916.png,4
02917.png,0
02918.png,1
02919.png,8
02920.png,7
02921.png,1
02922.png,4
02923.png,6
02924.png,0
02925.png,1
02926.png,5
02927.png,7
02928.png,7
02929.png,5
02930.png,5
02931.png,1
02932.png,1
02933.png,1
02934.png,3
02935.png,5
02936.png,1
02937.png,3
02938.png,3
02939.png,5
02940.png,1
02941.png,5
02942.png,5
02943.png,6
02944.png,1
02945.png,1
02946.png,1
02947.png,0
02948.png,7
02949.png,0
02950.png,1
02951.png,0
02952.png,1
02953.png,7
02954.png,8
02955.png,2
02956.png,7
02957.png,1
02958.png,3
02959.png,7
02960.png,5
02961.png,1
02962.png,3
02963.png,4
02964.png,4
02965.png,2
02966.png,8
02967.png,7
02968.png,4
02969.png,1
02970.png,9
02971.png,4
02972.png,4
02973.png,1
02974.png,5
02975.png,1
02976.png,4
02977.png,1
02978.png,6
02979.png,9
02980.png,6
02981.png,9
02982.png,0
02983.png,0
02984.png,1
02985.png,1
02986.png,5
02987.png,1
02988.png,1
02989.png,0
02990.png,0
02991.png,0
02992.png,0
02993.png,1
02994.png,0
02995.png,7
02996.png,7
02997.png,0
02998.png,6
02999.png,6
03000.png,3
03001.png,4
03002.png,6
03003.png,9
03004.png,1
03005.png,0
03006.png,0
03007.png,0
03008.png,1
03009.png,4
03010.png,0
03011.png,0
03012.png,7
03013.png,7
03014.png,4
03015.png,7
03016.png,1
03017.png,6
03018.png,3
03019.png,0
03020.png,4
03021.png,7
03022.png,7
03023.png,4
03024.png,1
03025.png,5
03026.png,1
03027.png,7
03028.png,7
03029.png,1
03030.png,0
03031.png,9
03032.png,6
03033.png,2
03034.png,0
03035.png,3
03036.png,6
03037.png,1
03038.png,4
03039.png,7
03040.png,6
03041.png,6
03042.png,7
03043.png,2
03044.png,3
03045.png,7
03046.png,5
03047.png,7
03048.png,0
03049.png,5
03050.png,5
03051.png,3
03052.png,4
03053.png,0
03054.png,8
03055.png,5
03056.png,2
03057.png,0
03058.png,5
03059.png,7
03060.png,3
03061.png,8
03062.png,1
03063.png,6
03064.png,6
03065.png,0
03066.png,2
03067.png,8
03068.png,2
03069.png,6
03070.png,2
03071.png,6
03072.png,7
03073.png,6
03074.png,0
03075.png,6
03076.png,4
03077.png,9
03078.png,4
03079.png,5
03080.png,3
03081.png,7
03082.png,3
03083.png,6
03084.png,5
03085.png,2
03086.png,7
03087.png,3
03088.png,1
03089.png,4
03090.png,3
03091.png,0
03092.png,7
03093.png,0
03094.png,4
03095.png,4
03096.png,3
03097.png,6
03098.png,6
03099.png,1
03100.png,3
03101.png,6
03102.png,5
03103.png,1
03104.png,3
03105.png,1
03106.png,5
03107.png,5
03108.png,3
03109.png,7
03110.png,4
03111.png,1
03112.png,9
03113.png,1
03114.png,1
03115.png,7
03116.png,1
03117.png,4
03118.png,0
03119.png,0
03120.png,6
03121.png,2
03122.png,9
03123.png,4
03124.png,4
03125.png,2
03126.png,2
03127.png,8
03128.png,3
03129.png,4
03130.png,8
03131.png,8
03132.png,9
03133.png,6
03134.png,5
03135.png,1
03136.png,0
03137.png,1
03138.png,5
03139.png,0
03140.png,1
03141.png,0
03142.png,0
03143.png,0
03144.png,3
03145.png,7
03146.png,7
03147.png,3
03148.png,0
03149.png,4
03150.png,3
03151.png,3
03152.png,5
03153.png,0
03154.png,1
03155.png,5
03156.png,1
03157.png,2
03158.png,7
03159.png,1
03160.png,4
03161.png,5
03162.png,5
03163.png,3
03164.png,4
03165.png,0
03166.png,3
03167.png,5
03168.png,3
03169.png,0
03170.png,2
03171.png,7
03172.png,4
03173.png,5
03174.png,7
03175.png,1
03176.png,4
03177.png,1
03178.png,1
03179.png,7
03180.png,0
03181.png,6
03182.png,0
03183.png,7
03184.png,2
03185.png,2
03186.png,1
03187.png,2
03188.png,6
03189.png,8
03190.png,5
03191.png,3
03192.png,7
03193.png,3
03194.png,6
03195.png,0
03196.png,5
03197.png,5
03198.png,0
03199.png,1
03200.png,0
03201.png,0
03202.png,1
03203.png,4
03204.png,0
03205.png,7
03206.png,1
03207.png,0
03208.png,1
03209.png,2
03210.png,6
03211.png,7
03212.png,0
03213.png,1
03214.png,9
03215.png,1
03216.png,3
03217.png,0
03218.png,7
03219.png,1
03220.png,0
03221.png,0
03222.png,6
03223.png,0
03224.png,8
03225.png,7
03226.png,6
03227.png,2
03228.png,7
03229.png,6
03230.png,4
03231.png,4
03232.png,4
03233.png,1
03234.png,5
03235.png,3
03236.png,4
03237.png,3
03238.png,7
03239.png,7
03240.png,7
03241.png,5
03242.png,7
03243.png,4
03244.png,1
03245.png,6
03246.png,0
03247.png,3
03248.png,1
03249.png,7
03250.png,2
03251.png,4
03252.png,3
03253.png,4
03254.png,3
03255.png,4
03256.png,4
03257.png,0
03258.png,1
03259.png,3
03260.png,7
03261.png,3
03262.png,3
03263.png,3
03264.png,5
03265.png,4
03266.png,7
03267.png,3
03268.png,3
03269.png,2
03270.png,0
03271.png,9
03272.png,3
03273.png,0
03274.png,2
03275.png,6
03276.png,3
03277.png,3
03278.png,4
03279.png,1
03280.png,0
03281.png,6
03282.png,4
03283.png,7
03284.png,1
03285.png,3
03286.png,0
03287.png,0
03288.png,5
03289.png,5
03290.png,4
03291.png,7
03292.png,8
03293.png,1
03294.png,4
03295.png,6
03296.png,6
03297.png,5
03298.png,2
03299.png,4
03300.png,1
03301.png,7
03302.png,1
03303.png,6
03304.png,0
03305.png,3
03306.png,5
03307.png,7
03308.png,5
03309.png,3
03310.png,6
03311.png,5
03312.png,7
03313.png,1
03314.png,3
03315.png,6
03316.png,0
03317.png,4
03318.png,5
03319.png,2
03320.png,5
03321.png,3
03322.png,4
03323.png,2
03324.png,3
03325.png,1
03326.png,7
03327.png,5
03328.png,5
03329.png,0
03330.png,0
03331.png,7
03332.png,0
03333.png,7
03334.png,7
03335.png,7
03336.png,9
03337.png,2
03338.png,8
03339.png,0
03340.png,6
03341.png,2
03342.png,3
03343.png,4
03344.png,7
03345.png,1
03346.png,0
03347.png,5
03348.png,2
03349.png,1
03350.png,2
03351.png,6
03352.png,8
03353.png,6
03354.png,0
03355.png,6
03356.png,5
03357.png,5
03358.png,5
03359.png,7
03360.png,7
03361.png,4
03362.png,4
03363.png,1
03364.png,6
03365.png,7
03366.png,2
03367.png,0
03368.png,3
03369.png,5
03370.png,2
03371.png,3
03372.png,6
03373.png,1
03374.png,8
03375.png,4
03376.png,7
03377.png,0
03378.png,3
03379.png,5
03380.png,5
03381.png,1
03382.png,0
03383.png,0
03384.png,0
03385.png,2
03386.png,7
03387.png,4
03388.png,5
03389.png,7
03390.png,7
03391.png,1
03392.png,0
03393.png,0
03394.png,8
03395.png,0
03396.png,1
03397.png,7
03398.png,5
03399.png,3
03400.png,4
03401.png,1
03402.png,3
03403.png,2
03404.png,7
03405.png,5
03406.png,3
03407.png,8
03408.png,4
03409.png,7
03410.png,4
03411.png,9
03412.png,3
03413.png,3
03414.png,0
03415.png,2
03416.png,0
03417.png,3
03418.png,6
03419.png,6
03420.png,1
03421.png,1
03422.png,3
03423.png,2
03424.png,7
03425.png,3
03426.png,4
03427.png,1
03428.png,2
03429.png,6
03430.png,0
03431.png,1
03432.png,3
03433.png,3
03434.png,4
03435.png,4
03436.png,3
03437.png,0
03438.png,2
03439.png,7
03440.png,6
03441.png,4
03442.png,1
03443.png,1
03444.png,2
03445.png,3
03446.png,3
03447.png,6
03448.png,2
03449.png,7
03450.png,3
03451.png,1
03452.png,7
03453.png,0
03454.png,7
03455.png,0
03456.png,0
03457.png,7
03458.png,7
03459.png,7
03460.png,6
03461.png,5
03462.png,0
03463.png,2
03464.png,4
03465.png,1
03466.png,5
03467.png,2
03468.png,3
03469.png,6
03470.png,1
03471.png,4
03472.png,2
03473.png,2
03474.png,0
03475.png,7
03476.png,0
03477.png,6
03478.png,1
03479.png,4
03480.png,0
03481.png,1
03482.png,5
03483.png,3
03484.png,6
03485.png,5
03486.png,7
03487.png,7
03488.png,7
03489.png,3
03490.png,6
03491.png,1
03492.png,6
03493.png,0
03494.png,3
03495.png,6
03496.png,7
03497.png,0
03498.png,5
03499.png,1
03500.png,0
03501.png,1
03502.png,1
03503.png,5
03504.png,9
03505.png,0
03506.png,7
03507.png,1
03508.png,5
03509.png,4
03510.png,8
03511.png,0
03512.png,4
03513.png,5
03514.png,6
03515.png,0
03516.png,5
03517.png,0
03518.png,0
03519.png,2
03520.png,2
03521.png,2
03522.png,2
03523.png,3
03524.png,4
03525.png,7
03526.png,4
03527.png,6
03528.png,6
03529.png,2
03530.png,1
03531.png,2
03532.png,1
03533.png,6
03534.png,3
03535.png,2
03536.png,3
03537.png,0
03538.png,8
03539.png,1
03540.png,2
03541.png,0
03542.png,7
03543.png,0
03544.png,7
03545.png,7
03546.png,4
03547.png,5
03548.png,4
03549.png,4
03550.png,7
03551.png,3
03552.png,1
03553.png,1
03554.png,4
03555.png,2
03556.png,5
03557.png,3
03558.png,3
03559.png,6
03560.png,5
03561.png,0
03562.png,0
03563.png,8
03564.png,4
03565.png,3
03566.png,6
03567.png,0
03568.png,4
03569.png,3
03570.png,2
03571.png,1
03572.png,2
03573.png,6
03574.png,2
03575.png,3
03576.png,7
03577.png,0
03578.png,1
03579.png,1
03580.png,8
03581.png,4
03582.png,4
03583.png,2
03584.png,1
03585.png,3
03586.png,2
03587.png,5
03588.png,7
03589.png,7
03590.png,6
03591.png,6
03592.png,3
03593.png,1
03594.png,2
03595.png,1
03596.png,3
03597.png,3
03598.png,0
03599.png,2
03600.png,1
03601.png,3
03602.png,3
03603.png,3
03604.png,4
03605.png,5
03606.png,0
03607.png,0
03608.png,0
03609.png,6
03610.png,1
03611.png,6
03612.png,5
03613.png,0
03614.png,9
03615.png,0
03616.png,1
03617.png,6
03618.png,2
03619.png,2
03620.png,2
03621.png,8
03622.png,3
03623.png,3
03624.png,0
03625.png,1
03626.png,3
03627.png,5
03628.png,5
03629.png,2
03630.png,7
03631.png,4
03632.png,6
03633.png,2
03634.png,0
03635.png,0
03636.png,8
03637.png,8
03638.png,3
03639.png,3
03640.png,3
03641.png,0
03642.png,6
03643.png,9
03644.png,0
03645.png,3
03646.png,7
03647.png,8
03648.png,5
03649.png,5
03650.png,4
03651.png,6
03652.png,0
03653.png,7
03654.png,9
03655.png,4
03656.png,6
03657.png,6
03658.png,4
03659.png,4
03660.png,4
03661.png,3
03662.png,8
03663.png,3
03664.png,8
03665.png,0
03666.png,1
03667.png,1
03668.png,0
03669.png,6
03670.png,0
03671.png,5
03672.png,5
03673.png,3
03674.png,2
03675.png,3
03676.png,0
03677.png,7
03678.png,3
03679.png,3
03680.png,7
03681.png,7
03682.png,7
03683.png,8
03684.png,5
03685.png,2
03686.png,7
03687.png,5
03688.png,1
03689.png,7
03690.png,1
03691.png,3
03692.png,2
03693.png,4
03694.png,3
03695.png,6
03696.png,3
03697.png,1
03698.png,6
03699.png,7
03700.png,9
03701.png,2
03702.png,0
03703.png,6
03704.png,6
03705.png,3
03706.png,5
03707.png,6
03708.png,0
03709.png,5
03710.png,3
03711.png,7
03712.png,3
03713.png,0
03714.png,7
03715.png,2
03716.png,1
03717.png,4
03718.png,1
03719.png,3
03720.png,7
03721.png,0
03722.png,3
03723.png,0
03724.png,3
03725.png,3
03726.png,7
03727.png,5
03728.png,7
03729.png,4
03730.png,0
03731.png,0
03732.png,7
03733.png,3
03734.png,3
03735.png,4
03736.png,7
03737.png,7
03738.png,3
03739.png,7
03740.png,6
03741.png,6
03742.png,7
03743.png,2
03744.png,2
03745.png,5
03746.png,2
03747.png,0
03748.png,1
03749.png,6
03750.png,4
03751.png,1
03752.png,6
03753.png,2
03754.png,4
03755.png,0
03756.png,0
03757.png,4
03758.png,1
03759.png,7
03760.png,0
03761.png,7
03762.png,6
03763.png,0
03764.png,6
03765.png,3
03766.png,0
03767.png,3
03768.png,2
03769.png,7
03770.png,6
03771.png,3
03772.png,3
03773.png,3
03774.png,6
03775.png,6
03776.png,3
03777.png,5
03778.png,1
03779.png,3
03780.png,3
03781.png,5
03782.png,6
03783.png,5
03784.png,4
03785.png,4
03786.png,2
03787.png,1
03788.png,3
03789.png,3
03790.png,6
03791.png,0
03792.png,1
03793.png,4
03794.png,1
03795.png,7
03796.png,0
03797.png,3
03798.png,0
03799.png,6
03800.png,0
03801.png,0
03802.png,6
03803.png,8
03804.png,0
03805.png,0
03806.png,0
03807.png,4
03808.png,4
03809.png,3
03810.png,2
03811.png,5
03812.png,5
03813.png,1
03814.png,9
03815.png,0
03816.png,8
03817.png,0
03818.png,6
03819.png,0
03820.png,0
03821.png,0
03822.png,2
03823.png,2
03824.png,1
03825.png,6
03826.png,6
03827.png,9
03828.png,6
03829.png,7
03830.png,3
03831.png,1
03832.png,4
03833.png,1
03834.png,3
03835.png,3
03836.png,3
03837.png,3
03838.png,0
03839.png,1
03840.png,1
03841.png,6
03842.png,4
03843.png,3
03844.png,6
03845.png,3
03846.png,7
03847.png,3
03848.png,7
03849.png,1
03850.png,4
03851.png,7
03852.png,2
03853.png,6
03854.png,4
03855.png,0
03856.png,8
03857.png,8
03858.png,5
03859.png,7
03860.png,9
03861.png,1
03862.png,2
03863.png,0
03864.png,0
03865.png,6
03866.png,0
03867.png,7
03868.png,0
03869.png,2
03870.png,5
03871.png,5
03872.png,0
03873.png,4
03874.png,8
03875.png,9
03876.png,1
03877.png,3
03878.png,1
03879.png,0
03880.png,7
03881.png,3
03882.png,5
03883.png,4
03884.png,0
03885.png,5
03886.png,5
03887.png,5
03888.png,6
03889.png,3
03890.png,1
03891.png,0
03892.png,5
03893.png,1
03894.png,4
03895.png,4
03896.png,0
03897.png,8
03898.png,7
03899.png,7
03900.png,5
03901.png,0
03902.png,0
03903.png,2
03904.png,5
03905.png,6
03906.png,7
03907.png,7
03908.png,0
03909.png,3
03910.png,3
03911.png,4
03912.png,0
03913.png,3
03914.png,2
03915.png,3
03916.png,1
03917.png,0
03918.png,2
03919.png,1
03920.png,8
03921.png,6
03922.png,2
03923.png,0
03924.png,3
03925.png,0
03926.png,6
03927.png,5
03928.png,8
03929.png,3
03930.png,7
03931.png,3
03932.png,6
03933.png,3
03934.png,2
03935.png,3
03936.png,4
03937.png,4
03938.png,4
03939.png,9
03940.png,6
03941.png,1
03942.png,5
03943.png,4
03944.png,6
03945.png,0
03946.png,6
03947.png,0
03948.png,1
03949.png,1
03950.png,3
03951.png,4
03952.png,7
03953.png,1
03954.png,2
03955.png,3
03956.png,7
03957.png,0
03958.png,1
03959.png,7
03960.png,3
03961.png,0
03962.png,7
03963.png,0
03964.png,0
03965.png,3
03966.png,8
03967.png,7
03968.png,9
03969.png,7
03970.png,6
03971.png,6
03972.png,3
03973.png,9
03974.png,3
03975.png,6
03976.png,4
03977.png,1
03978.png,5
03979.png,5
03980.png,3
03981.png,7
03982.png,4
03983.png,7
03984.png,4
03985.png,0
03986.png,1
03987.png,7
03988.png,2
03989.png,7
03990.png,1
03991.png,3
03992.png,3
03993.png,8
03994.png,9
03995.png,0
03996.png,1
03997.png,1
03998.png,1
03999.png,0
04000.png,5
04001.png,5
04002.png,1
04003.png,4
04004.png,1
04005.png,5
04006.png,7
04007.png,9
04008.png,7
04009.png,7
04010.png,5
04011.png,0
04012.png,0
04013.png,7
04014.png,1
04015.png,3
04016.png,6
04017.png,3
04018.png,0
04019.png,3
04020.png,7
04021.png,5
04022.png,3
04023.png,3
04024.png,5
04025.png,1
04026.png,1
04027.png,2
04028.png,1
04029.png,8
04030.png,0
04031.png,5
04032.png,7
04033.png,6
04034.png,6
04035.png,1
04036.png,0
04037.png,4
04038.png,4
04039.png,4
04040.png,4
04041.png,3
04042.png,5
04043.png,5
04044.png,4
04045.png,7
04046.png,6
04047.png,3
04048.png,1
04049.png,7
04050.png,4
04051.png,0
04052.png,1
04053.png,8
04054.png,5
04055.png,4
04056.png,4
04057.png,0
04058.png,1
04059.png,6
04060.png,6
04061.png,2
04062.png,2
04063.png,6
04064.png,3
04065.png,6
04066.png,0
04067.png,4
04068.png,3
04069.png,0
04070.png,5
04071.png,5
04072.png,0
04073.png,7
04074.png,6
04075.png,5
04076.png,1
04077.png,7
04078.png,3
04079.png,7
04080.png,0
04081.png,7
04082.png,3
04083.png,7
04084.png,1
04085.png,7
04086.png,1
04087.png,4
04088.png,6
04089.png,5
04090.png,1
04091.png,0
04092.png,1
04093.png,1
04094.png,4
04095.png,4
04096.png,8
04097.png,1
04098.png,2
04099.png,3
04100.png,1
04101.png,1
04102.png,7
04103.png,2
04104.png,7
04105.png,3
04106.png,7
04107.png,0
04108.png,2
04109.png,3
04110.png,2
04111.png,3
04112.png,7
04113.png,0
04114.png,3
04115.png,7
04116.png,9
04117.png,4
04118.png,8
04119.png,1
04120.png,0
04121.png,3
04122.png,3
04123.png,4
04124.png,8
04125.png,0
04126.png,7
04127.png,3
04128.png,1
04129.png,0
04130.png,5
04131.png,3
04132.png,3
04133.png,3
04134.png,1
04135.png,2
04136.png,4
04137.png,0
04138.png,5
04139.png,4
04140.png,7
04141.png,2
04142.png,6
04143.png,7
04144.png,0
04145.png,0
04146.png,1
04147.png,7
04148.png,5
04149.png,7
04150.png,5
04151.png,6
04152.png,0
04153.png,5
04154.png,0
04155.png,1
04156.png,8
04157.png,7
04158.png,1
04159.png,2
04160.png,4
04161.png,3
04162.png,3
04163.png,5
04164.png,5
04165.png,1
04166.png,2
04167.png,0
04168.png,0
04169.png,5
04170.png,5
04171.png,7
04172.png,5
04173.png,1
04174.png,4
04175.png,2
04176.png,0
04177.png,3
04178.png,7
04179.png,2
04180.png,8
04181.png,0
04182.png,7
04183.png,9
04184.png,7
04185.png,7
04186.png,4
04187.png,0
04188.png,7
04189.png,6
04190.png,5
04191.png,5
04192.png,3
04193.png,9
04194.png,1
04195.png,0
04196.png,1
04197.png,6
04198.png,9
04199.png,7
04200.png,0
04201.png,7
04202.png,9
04203.png,3
04204.png,7
04205.png,1
04206.png,3
04207.png,6
04208.png,7
04209.png,1
04210.png,4
04211.png,7
04212.png,4
04213.png,4
04214.png,4
04215.png,3
04216.png,6
04217.png,7
04218.png,6
04219.png,7
04220.png,7
04221.png,9
04222.png,7
04223.png,1
04224.png,6
04225.png,3
04226.png,7
04227.png,3
04228.png,1
04229.png,7
04230.png,7
04231.png,5
04232.png,1
04233.png,7
04234.png,7
04235.png,3
04236.png,4
04237.png,3
04238.png,0
04239.png,7
04240.png,0
04241.png,4
04242.png,5
04243.png,1
04244.png,2
04245.png,0
04246.png,1
04247.png,3
04248.png,1
04249.png,0
04250.png,5
04251.png,6
04252.png,5
04253.png,0
04254.png,4
04255.png,4
04256.png,7
04257.png,3
04258.png,7
04259.png,2
04260.png,5
04261.png,3
04262.png,1
04263.png,1
04264.png,6
04265.png,3
04266.png,1
04267.png,0
04268.png,1
04269.png,6
04270.png,4
04271.png,1
04272.png,1
04273.png,7
04274.png,3
04275.png,1
04276.png,0
04277.png,6
04278.png,3
04279.png,1
04280.png,6
04281.png,0
04282.png,0
04283.png,5
04284.png,7
04285.png,5
04286.png,0
04287.png,7
04288.png,7
04289.png,5
04290.png,2
04291.png,3
04292.png,1
04293.png,7
04294.png,4
04295.png,6
04296.png,0
04297.png,3
04298.png,4
04299.png,4
04300.png,4
04301.png,6
04302.png,3
04303.png,4
04304.png,4
04305.png,1
04306.png,1
04307.png,3
04308.png,8
04309.png,3
04310.png,0
04311.png,2
04312.png,2
04313.png,7
04314.png,3
04315.png,6
04316.png,7
04317.png,1
04318.png,0
04319.png,0
04320.png,4
04321.png,3
04322.png,0
04323.png,4
04324.png,3
04325.png,9
04326.png,3
04327.png,5
04328.png,1
04329.png,6
04330.png,6
04331.png,8
04332.png,1
04333.png,3
04334.png,1
04335.png,1
04336.png,4
04337.png,1
04338.png,7
04339.png,9
04340.png,6
04341.png,0
04342.png,4
04343.png,1
04344.png,0
04345.png,1
04346.png,7
04347.png,1
04348.png,1
04349.png,5
04350.png,1
04351.png,1
04352.png,1
04353.png,0
04354.png,6
04355.png,6
04356.png,1
04357.png,4
04358.png,4
04359.png,1
04360.png,0
04361.png,6
04362.png,9
04363.png,7
04364.png,0
04365.png,1
04366.png,2
04367.png,1
04368.png,1
04369.png,1
04370.png,3
04371.png,1
04372.png,1
04373.png,2
04374.png,1
04375.png,7
04376.png,2
04377.png,1
04378.png,2
04379.png,1
04380.png,4
04381.png,7
04382.png,6
04383.png,1
04384.png,1
04385.png,2
04386.png,7
04387.png,4
04388.png,2
04389.png,2
04390.png,2
04391.png,1
04392.png,2
04393.png,2
04394.png,1
04395.png,1
04396.png,4
04397.png,2
04398.png,6
04399.png,1
04400.png,4
04401.png,2
04402.png,1
04403.png,4
04404.png,2
04405.png,4
04406.png,7
04407.png,1
04408.png,1
04409.png,2
04410.png,2
04411.png,1
04412.png,1
04413.png,1
04414.png,3
04415.png,3
04416.png,3
04417.png,1
04418.png,4
04419.png,2
04420.png,0
04421.png,0
04422.png,0
04423.png,1
04424.png,4
04425.png,2
04426.png,1
04427.png,6
04428.png,2
04429.png,1
04430.png,6
04431.png,1
04432.png,4
04433.png,1
04434.png,1
04435.png,8
04436.png,1
04437.png,4
04438.png,2
04439.png,4
04440.png,1
04441.png,9
04442.png,1
04443.png,4
04444.png,4
04445.png,1
04446.png,2
04447.png,4
04448.png,2
04449.png,3
04450.png,6
04451.png,9
04452.png,2
04453.png,2
04454.png,2
04455.png,4
04456.png,2
04457.png,2
04458.png,2
04459.png,3
04460.png,5
04461.png,7
04462.png,0
04463.png,5
04464.png,6
04465.png,2
04466.png,0
04467.png,1
04468.png,7
04469.png,3
04470.png,6
04471.png,1
04472.png,9
04473.png,0
04474.png,9
04475.png,0
04476.png,8
04477.png,7
04478.png,1
04479.png,3
04480.png,7
04481.png,0
04482.png,1
04483.png,0
04484.png,2
04485.png,7
04486.png,2
04487.png,0
04488.png,2
04489.png,3
04490.png,3
04491.png,7
04492.png,9
04493.png,9
04494.png,0
04495.png,2
04496.png,3
04497.png,0
04498.png,3
04499.png,0
04500.png,3
04501.png,2
04502.png,0
04503.png,3
04504.png,4
04505.png,3
04506.png,6
04507.png,6
04508.png,7
04509.png,1
04510.png,8
04511.png,6
04512.png,6
04513.png,1
04514.png,9
04515.png,5
04516.png,3
04517.png,1
04518.png,6
04519.png,1
04520.png,6
04521.png,3
04522.png,3
04523.png,3
04524.png,1
04525.png,3
04526.png,0
04527.png,3
04528.png,8
04529.png,0
04530.png,3
04531.png,7
04532.png,6
04533.png,0
04534.png,4
04535.png,1
04536.png,0
04537.png,2
04538.png,9
04539.png,0
04540.png,0
04541.png,4
04542.png,3
04543.png,4
04544.png,0
04545.png,2
04546.png,5
04547.png,1
04548.png,7
04549.png,2
04550.png,2
04551.png,2
04552.png,5
04553.png,0
04554.png,1
04555.png,3
04556.png,6
04557.png,6
04558.png,1
04559.png,3
04560.png,7
04561.png,5
04562.png,6
04563.png,8
04564.png,3
04565.png,6
04566.png,5
04567.png,5
04568.png,4
04569.png,2
04570.png,1
04571.png,5
04572.png,1
04573.png,4
04574.png,3
04575.png,3
04576.png,3
04577.png,2
04578.png,2
04579.png,1
04580.png,0
04581.png,6
04582.png,7
04583.png,1
04584.png,1
04585.png,6
04586.png,0
04587.png,5
04588.png,7
04589.png,4
04590.png,8
04591.png,0
04592.png,7
04593.png,1
04594.png,2
04595.png,7
04596.png,1
04597.png,3
04598.png,0
04599.png,1
04600.png,6
04601.png,1
04602.png,1
04603.png,6
04604.png,0
04605.png,7
04606.png,0
04607.png,7
04608.png,7
04609.png,7
04610.png,7
04611.png,3
04612.png,7
04613.png,0
04614.png,3
04615.png,6
04616.png,7
04617.png,4
04618.png,4
04619.png,7
04620.png,5
04621.png,3
04622.png,7
04623.png,7
04624.png,7
04625.png,7
04626.png,7
04627.png,3
04628.png,7
04629.png,9
04630.png,9
04631.png,7
04632.png,7
04633.png,7
04634.png,1
04635.png,1
04636.png,0
04637.png,1
04638.png,7
04639.png,1
04640.png,6
04641.png,7
04642.png,7
04643.png,9
04644.png,6
04645.png,8
04646.png,1
04647.png,7
04648.png,3
04649.png,7
04650.png,3
04651.png,7
04652.png,5
04653.png,7
04654.png,7
04655.png,0
04656.png,3
04657.png,1
04658.png,0
04659.png,1
04660.png,1
04661.png,6
04662.png,1
04663.png,0
04664.png,4
04665.png,7
04666.png,4
04667.png,5
04668.png,3
04669.png,6
04670.png,2
04671.png,3
04672.png,5
04673.png,1
04674.png,5
04675.png,8
04676.png,5
04677.png,3
04678.png,7
04679.png,7
04680.png,3
04681.png,3
04682.png,8
04683.png,0
04684.png,1
04685.png,1
04686.png,0
04687.png,1
04688.png,0
04689.png,6
04690.png,1
04691.png,5
04692.png,4
04693.png,6
04694.png,3
04695.png,5
04696.png,4
04697.png,7
04698.png,3
04699.png,7
04700.png,5
04701.png,0
04702.png,3
04703.png,2
04704.png,4
04705.png,1
04706.png,3
04707.png,0
04708.png,4
04709.png,4
04710.png,1
04711.png,0
04712.png,4
04713.png,1
04714.png,4
04715.png,1
04716.png,6
04717.png,7
04718.png,5
04719.png,3
04720.png,0
04721.png,5
04722.png,8
04723.png,7
04724.png,5
04725.png,8
04726.png,0
04727.png,2
04728.png,5
04729.png,9
04730.png,1
04731.png,2
04732.png,1
04733.png,3
04734.png,1
04735.png,6
04736.png,3
04737.png,1
04738.png,3
04739.png,6
04740.png,1
04741.png,1
04742.png,1
04743.png,1
04744.png,0
04745.png,0
04746.png,7
04747.png,5
04748.png,2
04749.png,1
04750.png,7
04751.png,5
04752.png,1
04753.png,5
04754.png,1
04755.png,5
04756.png,1
04757.png,7
04758.png,2
04759.png,5
04760.png,1
04761.png,5
04762.png,5
04763.png,4
04764.png,4
04765.png,0
04766.png,5
04767.png,0
04768.png,0
04769.png,0
04770.png,7
04771.png,7
04772.png,5
04773.png,4
04774.png,8
04775.png,5
04776.png,5
04777.png,5
04778.png,5
04779.png,5
04780.png,4
04781.png,6
04782.png,5
04783.png,4
04784.png,4
04785.png,1
04786.png,7
04787.png,6
04788.png,5
04789.png,6
04790.png,3
04791.png,3
04792.png,3
04793.png,1
04794.png,5
04795.png,3
04796.png,8
04797.png,9
04798.png,4
04799.png,3
04800.png,3
04801.png,1
04802.png,2
04803.png,3
04804.png,3
04805.png,1
04806.png,7
04807.png,3
04808.png,3
04809.png,3
04810.png,0
04811.png,2
04812.png,3
04813.png,3
04814.png,3
04815.png,0
04816.png,7
04817.png,3
04818.png,3
04819.png,1
04820.png,2
04821.png,1
04822.png,7
04823.png,5
04824.png,7
04825.png,3
04826.png,3
04827.png,2
04828.png,5
04829.png,3
04830.png,3
04831.png,8
04832.png,6
04833.png,0
04834.png,3
04835.png,3
04836.png,3
04837.png,3
04838.png,3
04839.png,1
04840.png,0
04841.png,0
04842.png,3
04843.png,0
04844.png,3
04845.png,3
04846.png,5
04847.png,7
04848.png,3
04849.png,7
04850.png,3
04851.png,4
04852.png,3
04853.png,2
04854.png,0
04855.png,4
04856.png,0
04857.png,7
04858.png,3
04859.png,3
04860.png,0
04861.png,2
04862.png,3
04863.png,0
04864.png,6
04865.png,7
04866.png,1
04867.png,4
04868.png,1
04869.png,0
04870.png,0
04871.png,7
04872.png,1
04873.png,0
04874.png,3
04875.png,3
04876.png,3
04877.png,3
04878.png,3
04879.png,1
04880.png,3
04881.png,3
04882.png,1
04883.png,1
04884.png,4
04885.png,4
04886.png,1
04887.png,0
04888.png,6
04889.png,4
04890.png,1
04891.png,0
04892.png,4
04893.png,1
04894.png,0
04895.png,2
04896.png,4
04897.png,4
04898.png,1
04899.png,2
04900.png,3
04901.png,2
04902.png,5
04903.png,1
04904.png,5
04905.png,9
04906.png,0
04907.png,4
04908.png,5
04909.png,2
04910.png,1
04911.png,3
04912.png,4
04913.png,2
04914.png,3
04915.png,0
04916.png,5
04917.png,3
04918.png,3
04919.png,3
04920.png,5
04921.png,7
04922.png,0
04923.png,0
04924.png,0
04925.png,0
04926.png,0
04927.png,7
04928.png,2
04929.png,0
04930.png,4
04931.png,5
04932.png,2
04933.png,7
04934.png,3
04935.png,6
04936.png,3
04937.png,8
04938.png,0
04939.png,5
04940.png,3
04941.png,7
04942.png,7
04943.png,6
04944.png,1
04945.png,3
04946.png,1
04947.png,4
04948.png,0
04949.png,2
04950.png,1
04951.png,1
04952.png,4
04953.png,6
04954.png,3
04955.png,3
04956.png,1
04957.png,3
04958.png,7
04959.png,0
04960.png,6
04961.png,0
04962.png,5
04963.png,3
04964.png,1
04965.png,4
04966.png,1
04967.png,1
04968.png,7
04969.png,9
04970.png,4
04971.png,1
04972.png,1
04973.png,0
04974.png,5
04975.png,6
04976.png,5
04977.png,2
04978.png,4
04979.png,0
04980.png,2
04981.png,4
04982.png,7
04983.png,2
04984.png,2
04985.png,1
04986.png,1
04987.png,3
04988.png,7
04989.png,2
04990.png,1
04991.png,2
04992.png,0
04993.png,6
04994.png,3
04995.png,1
04996.png,8
04997.png,6
04998.png,3
04999.png,1
05000.png,5
05001.png,0
05002.png,0
05003.png,0
05004.png,1
05005.png,2
05006.png,6
05007.png,0
05008.png,1
05009.png,8
05010.png,2
05011.png,0
05012.png,0
05013.png,1
05014.png,3
05015.png,5
05016.png,6
05017.png,4
05018.png,8
05019.png,0
05020.png,1
05021.png,5
05022.png,2
05023.png,7
05024.png,3
05025.png,6
05026.png,5
05027.png,2
05028.png,3
05029.png,6
05030.png,5
05031.png,2
05032.png,3
05033.png,6
05034.png,2
05035.png,3
05036.png,6
05037.png,6
05038.png,7
05039.png,6
05040.png,2
05041.png,2
05042.png,9
05043.png,7
05044.png,0
05045.png,5
05046.png,3
05047.png,5
05048.png,2
05049.png,3
05050.png,0
05051.png,4
05052.png,0
05053.png,1
05054.png,3
05055.png,0
05056.png,2
05057.png,4
05058.png,5
05059.png,3
05060.png,1
05061.png,4
05062.png,6
05063.png,7
05064.png,6
05065.png,1
05066.png,2
05067.png,0
05068.png,1
05069.png,1
05070.png,1
05071.png,5
05072.png,1
05073.png,1
05074.png,0
05075.png,7
05076.png,6
05077.png,3
05078.png,1
05079.png,0
05080.png,7
05081.png,6
05082.png,1
05083.png,6
05084.png,1
05085.png,0
05086.png,1
05087.png,1
05088.png,0
05089.png,6
05090.png,1
05091.png,1
05092.png,5
05093.png,1
05094.png,0
05095.png,6
05096.png,0
05097.png,5
05098.png,5
05099.png,0
05100.png,3
05101.png,1
05102.png,7
05103.png,3
05104.png,8
05105.png,2
05106.png,6
05107.png,2
05108.png,8
05109.png,3
05110.png,3
05111.png,1
05112.png,1
05113.png,1
05114.png,3
05115.png,2
05116.png,1
05117.png,3
05118.png,2
05119.png,8
05120.png,3
05121.png,8
05122.png,1
05123.png,3
05124.png,7
05125.png,3
05126.png,6
05127.png,0
05128.png,9
05129.png,0
05130.png,1
05131.png,1
05132.png,1
05133.png,5
05134.png,6
05135.png,1
05136.png,6
05137.png,9
05138.png,6
05139.png,0
05140.png,6
05141.png,9
05142.png,1
05143.png,6
05144.png,2
05145.png,8
05146.png,9
05147.png,1
05148.png,1
05149.png,5
05150.png,6
05151.png,4
05152.png,1
05153.png,5
05154.png,3
05155.png,6
05156.png,1
05157.png,7
05158.png,1
05159.png,0
05160.png,2
05161.png,7
05162.png,0
05163.png,8
05164.png,8
05165.png,3
05166.png,3
05167.png,3
05168.png,6
05169.png,7
05170.png,8
05171.png,2
05172.png,3
05173.png,8
05174.png,3
05175.png,8
05176.png,0
05177.png,8
05178.png,7
05179.png,1
05180.png,2
05181.png,4
05182.png,8
05183.png,7
05184.png,1
05185.png,7
05186.png,0
05187.png,8
05188.png,1
05189.png,7
05190.png,5
05191.png,7
05192.png,4
05193.png,0
05194.png,2
05195.png,3
05196.png,8
05197.png,1
05198.png,3
05199.png,1
05200.png,7
05201.png,1
05202.png,7
05203.png,3
05204.png,1
05205.png,0
05206.png,8
05207.png,2
05208.png,7
05209.png,1
05210.png,1
05211.png,6
05212.png,6
05213.png,2
05214.png,2
05215.png,5
05216.png,7
05217.png,2
05218.png,4
05219.png,2
05220.png,6
05221.png,3
05222.png,7
05223.png,0
05224.png,0
05225.png,5
05226.png,2
05227.png,7
05228.png,3
05229.png,6
05230.png,0
05231.png,8
05232.png,1
05233.png,7
05234.png,6
05235.png,3
05236.png,0
05237.png,3
05238.png,6
05239.png,7
05240.png,0
05241.png,3
05242.png,3
05243.png,5
05244.png,0
05245.png,3
05246.png,3
05247.png,4
05248.png,2
05249.png,0
05250.png,5
05251.png,3
05252.png,7
05253.png,0
05254.png,1
05255.png,3
05256.png,8
05257.png,1
05258.png,3
05259.png,8
05260.png,7
05261.png,1
05262.png,1
05263.png,8
05264.png,0
05265.png,6
05266.png,1
05267.png,8
05268.png,1
05269.png,1
05270.png,0
05271.png,7
05272.png,4
05273.png,4
05274.png,4
05275.png,1
05276.png,4
05277.png,4
05278.png,1
05279.png,1
05280.png,1
05281.png,7
05282.png,5
05283.png,4
05284.png,6
05285.png,2
05286.png,6
05287.png,5
05288.png,0
05289.png,5
05290.png,1
05291.png,5
05292.png,0
05293.png,6
05294.png,2
05295.png,6
05296.png,5
05297.png,0
05298.png,5
05299.png,7
05300.png,0
05301.png,5
05302.png,6
05303.png,7
05304.png,6
05305.png,0
05306.png,7
05307.png,7
05308.png,5
05309.png,2
05310.png,7
05311.png,3
05312.png,6
05313.png,3
05314.png,1
05315.png,1
05316.png,7
05317.png,1
05318.png,7
05319.png,1
05320.png,0
05321.png,2
05322.png,9
05323.png,5
05324.png,0
05325.png,7
05326.png,7
05327.png,7
05328.png,6
05329.png,6
05330.png,7
05331.png,7
05332.png,0
05333.png,7
05334.png,1
05335.png,5
05336.png,1
05337.png,7
05338.png,7
05339.png,7
05340.png,7
05341.png,0
05342.png,9
05343.png,5
05344.png,0
05345.png,3
05346.png,0
05347.png,8
05348.png,7
05349.png,1
05350.png,7
05351.png,8
05352.png,4
05353.png,1
05354.png,1
05355.png,4
05356.png,7
05357.png,7
05358.png,1
05359.png,5
05360.png,7
05361.png,3
05362.png,3
05363.png,7
05364.png,5
05365.png,7
05366.png,5
05367.png,2
05368.png,6
05369.png,6
05370.png,5
05371.png,2
05372.png,3
05373.png,5
05374.png,4
05375.png,1
05376.png,1
05377.png,6
05378.png,7
05379.png,7
05380.png,7
05381.png,2
05382.png,1
05383.png,1
05384.png,7
05385.png,1
05386.png,2
05387.png,8
05388.png,8
05389.png,0
05390.png,0
05391.png,4
05392.png,5
05393.png,7
05394.png,3
05395.png,0
05396.png,1
05397.png,1
05398.png,1
05399.png,7
05400.png,7
05401.png,7
05402.png,7
05403.png,1
05404.png,1
05405.png,1
05406.png,5
05407.png,5
05408.png,5
05409.png,8
05410.png,7
05411.png,6
05412.png,7
05413.png,3
05414.png,1
05415.png,0
05416.png,6
05417.png,7
05418.png,9
05419.png,1
05420.png,0
05421.png,0
05422.png,0
05423.png,3
05424.png,1
05425.png,7
05426.png,3
05427.png,2
05428.png,7
05429.png,4
05430.png,6
05431.png,0
05432.png,1
05433.png,1
05434.png,4
05435.png,3
05436.png,1
05437.png,1
05438.png,7
05439.png,7
05440.png,0
05441.png,3
05442.png,7
05443.png,9
05444.png,3
05445.png,1
05446.png,7
05447.png,4
05448.png,1
05449.png,3
05450.png,3
05451.png,7
05452.png,3
05453.png,1
05454.png,0
05455.png,7
05456.png,5
05457.png,1
05458.png,2
05459.png,0
05460.png,4
05461.png,3
05462.png,6
05463.png,1
05464.png,2
05465.png,5
05466.png,2
05467.png,5
05468.png,5
05469.png,4
05470.png,5
05471.png,0
05472.png,0
05473.png,5
05474.png,4
05475.png,6
05476.png,0
05477.png,0
05478.png,9
05479.png,1
05480.png,0
05481.png,1
05482.png,0
05483.png,0
05484.png,1
05485.png,0
05486.png,7
05487.png,1
05488.png,0
05489.png,1
05490.png,1
05491.png,4
05492.png,1
05493.png,4
05494.png,1
05495.png,4
05496.png,0
05497.png,5
05498.png,0
05499.png,0
05500.png,5
05501.png,0
05502.png,3
05503.png,0
05504.png,0
05505.png,1
05506.png,2
05507.png,5
05508.png,5
05509.png,2
05510.png,3
05511.png,0
05512.png,1
05513.png,0
05514.png,0
05515.png,1
05516.png,1
05517.png,7
05518.png,1
05519.png,5
05520.png,8
05521.png,1
05522.png,0
05523.png,3
05524.png,3
05525.png,0
05526.png,1
05527.png,3
05528.png,6
05529.png,5
05530.png,5
05531.png,5
05532.png,3
05533.png,5
05534.png,1
05535.png,7
05536.png,6
05537.png,7
05538.png,0
05539.png,1
05540.png,6
05541.png,7
05542.png,3
05543.png,3
05544.png,0
05545.png,6
05546.png,0
05547.png,7
05548.png,0
05549.png,6
05550.png,6
05551.png,4
05552.png,1
05553.png,6
05554.png,6
05555.png,2
05556.png,0
05557.png,1
05558.png,6
05559.png,6
05560.png,6
05561.png,1
05562.png,1
05563.png,4
05564.png,6
05565.png,3
05566.png,8
05567.png,8
05568.png,7
05569.png,6
05570.png,4
05571.png,1
05572.png,3
05573.png,0
05574.png,3
05575.png,1
05576.png,4
05577.png,3
05578.png,6
05579.png,1
05580.png,8
05581.png,6
05582.png,2
05583.png,0
05584.png,1
05585.png,8
05586.png,3
05587.png,0
05588.png,3
05589.png,7
05590.png,1
05591.png,4
05592.png,3
05593.png,5
05594.png,1
05595.png,5
05596.png,0
05597.png,1
05598.png,8
05599.png,2
05600.png,2
05601.png,4
05602.png,0
05603.png,1
05604.png,0
05605.png,4
05606.png,1
05607.png,6
05608.png,7
05609.png,8
05610.png,5
05611.png,2
05612.png,0
05613.png,8
05614.png,2
05615.png,5
05616.png,3
05617.png,0
05618.png,1
05619.png,1
05620.png,3
05621.png,0
05622.png,0
05623.png,8
05624.png,6
05625.png,1
05626.png,3
05627.png,9
05628.png,7
05629.png,0
05630.png,2
05631.png,3
05632.png,9
05633.png,4
05634.png,2
05635.png,3
05636.png,3
05637.png,1
05638.png,7
05639.png,9
05640.png,2
05641.png,0
05642.png,3
05643.png,0
05644.png,5
05645.png,0
05646.png,3
05647.png,7
05648.png,0
05649.png,0
05650.png,5
05651.png,0
05652.png,0
05653.png,5
05654.png,0
05655.png,1
05656.png,2
05657.png,0
05658.png,0
05659.png,4
05660.png,2
05661.png,9
05662.png,9
05663.png,2
05664.png,3
05665.png,7
05666.png,0
05667.png,0
05668.png,9
05669.png,0
05670.png,2
05671.png,7
05672.png,5
05673.png,7
05674.png,8
05675.png,2
05676.png,2
05677.png,0
05678.png,8
05679.png,1
05680.png,2
05681.png,4
05682.png,7
05683.png,2
05684.png,0
05685.png,2
05686.png,3
05687.png,7
05688.png,2
05689.png,0
05690.png,1
05691.png,7
05692.png,7
05693.png,3
05694.png,0
05695.png,8
05696.png,4
05697.png,1
05698.png,1
05699.png,3
05700.png,4
05701.png,4
05702.png,0
05703.png,5
05704.png,8
05705.png,1
05706.png,0
05707.png,5
05708.png,5
05709.png,0
05710.png,1
05711.png,6
05712.png,1
05713.png,6
05714.png,3
05715.png,1
05716.png,5
05717.png,7
05718.png,1
05719.png,4
05720.png,7
05721.png,5
05722.png,1
05723.png,3
05724.png,2
05725.png,5
05726.png,7
05727.png,1
05728.png,7
05729.png,6
05730.png,0
05731.png,0
05732.png,4
05733.png,1
05734.png,4
05735.png,7
05736.png,2
05737.png,1
05738.png,0
05739.png,5
05740.png,4
05741.png,6
05742.png,0
05743.png,1
05744.png,1
05745.png,7
05746.png,4
05747.png,0
05748.png,5
05749.png,4
05750.png,0
05751.png,2
05752.png,0
05753.png,3
05754.png,7
05755.png,9
05756.png,9
05757.png,6
05758.png,1
05759.png,6
05760.png,1
05761.png,0
05762.png,6
05763.png,6
05764.png,1
05765.png,8
05766.png,3
05767.png,0
05768.png,6
05769.png,1
05770.png,0
05771.png,0
05772.png,6
05773.png,1
05774.png,3
05775.png,0
05776.png,5
05777.png,1
05778.png,6
05779.png,8
05780.png,2
05781.png,5
05782.png,4
05783.png,2
05784.png,7
05785.png,0
05786.png,7
05787.png,1
05788.png,0
05789.png,4
05790.png,1
05791.png,3
05792.png,4
05793.png,6
05794.png,1
05795.png,7
05796.png,3
05797.png,3
05798.png,4
05799.png,6
05800.png,5
05801.png,0
05802.png,3
05803.png,6
05804.png,5
05805.png,0
05806.png,0
05807.png,0
05808.png,7
05809.png,3
05810.png,3
05811.png,0
05812.png,3
05813.png,3
05814.png,3
05815.png,3
05816.png,3
05817.png,0
05818.png,1
05819.png,9
05820.png,6
05821.png,6
05822.png,0
05823.png,0
05824.png,0
05825.png,6
05826.png,6
05827.png,2
05828.png,3
05829.png,7
05830.png,0
05831.png,3
05832.png,1
05833.png,6
05834.png,6
05835.png,2
05836.png,2
05837.png,4
05838.png,4
05839.png,6
05840.png,2
05841.png,0
05842.png,5
05843.png,8
05844.png,0
05845.png,3
05846.png,0
05847.png,7
05848.png,7
05849.png,5
05850.png,0
05851.png,0
05852.png,7
05853.png,0
05854.png,7
05855.png,0
05856.png,7
05857.png,1
05858.png,2
05859.png,0
05860.png,8
05861.png,5
05862.png,1
05863.png,2
05864.png,5
05865.png,9
05866.png,0
05867.png,7
05868.png,0
05869.png,4
05870.png,7
05871.png,0
05872.png,4
05873.png,1
05874.png,3
05875.png,2
05876.png,1
05877.png,8
05878.png,3
05879.png,7
05880.png,2
05881.png,9
05882.png,0
05883.png,2
05884.png,1
05885.png,2
05886.png,0
05887.png,7
05888.png,2
05889.png,0
05890.png,5
05891.png,3
05892.png,2
05893.png,0
05894.png,0
05895.png,8
05896.png,7
05897.png,0
05898.png,0
05899.png,7
05900.png,0
05901.png,0
05902.png,7
05903.png,3
05904.png,7
05905.png,2
05906.png,7
05907.png,4
05908.png,3
05909.png,3
05910.png,7
05911.png,7
05912.png,0
05913.png,5
05914.png,9
05915.png,9
05916.png,6
05917.png,3
05918.png,3
05919.png,0
05920.png,6
05921.png,8
05922.png,6
05923.png,1
05924.png,1
05925.png,5
05926.png,5
05927.png,2
05928.png,6
05929.png,0
05930.png,0
05931.png,7
05932.png,7
05933.png,9
05934.png,6
05935.png,6
05936.png,3
05937.png,3
05938.png,3
05939.png,7
05940.png,5
05941.png,0
05942.png,4
05943.png,6
05944.png,2
05945.png,4
05946.png,7
05947.png,7
05948.png,1
05949.png,0
05950.png,1
05951.png,0
05952.png,3
05953.png,7
05954.png,6
05955.png,9
05956.png,0
05957.png,3
05958.png,3
05959.png,4
05960.png,4
05961.png,9
05962.png,0
05963.png,6
05964.png,0
05965.png,4
05966.png,0
05967.png,1
05968.png,0
05969.png,4
05970.png,0
05971.png,6
05972.png,1
05973.png,4
05974.png,1
05975.png,6
05976.png,1
05977.png,0
05978.png,5
05979.png,7
05980.png,1
05981.png,0
05982.png,3
05983.png,1
05984.png,8
05985.png,0
05986.png,1
05987.png,0
05988.png,0
05989.png,1
05990.png,3
05991.png,6
05992.png,0
05993.png,1
05994.png,7
05995.png,6
05996.png,1
05997.png,6
05998.png,9
05999.png,0
06000.png,7
06001.png,0
06002.png,2
06003.png,1
06004.png,0
06005.png,3
06006.png,2
06007.png,2
06008.png,6
06009.png,1
06010.png,1
06011.png,0
06012.png,4
06013.png,1
06014.png,3
06015.png,5
06016.png,6
06017.png,1
06018.png,6
06019.png,4
06020.png,5
06021.png,5
06022.png,1
06023.png,1
06024.png,2
06025.png,4
06026.png,8
06027.png,4
06028.png,6
06029.png,0
06030.png,4
06031.png,8
06032.png,7
06033.png,7
06034.png,0
06035.png,7
06036.png,1
06037.png,7
06038.png,3
06039.png,8
06040.png,0
06041.png,1
06042.png,2
06043.png,3
06044.png,6
06045.png,6
06046.png,6
06047.png,3
06048.png,2
06049.png,0
06050.png,6
06051.png,2
06052.png,1
06053.png,3
06054.png,9
06055.png,9
06056.png,3
06057.png,7
06058.png,7
06059.png,6
06060.png,6
06061.png,7
06062.png,7
06063.png,4
06064.png,4
06065.png,9
06066.png,6
06067.png,8
06068.png,7
06069.png,3
06070.png,6
06071.png,5
06072.png,1
06073.png,0
06074.png,1
06075.png,1
06076.png,6
06077.png,6
06078.png,1
06079.png,3
06080.png,0
06081.png,1
06082.png,6
06083.png,1
06084.png,8
06085.png,1
06086.png,0
06087.png,0
06088.png,6
06089.png,7
06090.png,4
06091.png,1
06092.png,3
06093.png,6
06094.png,9
06095.png,1
06096.png,4
06097.png,1
06098.png,1
06099.png,0
06100.png,2
06101.png,4
06102.png,0
06103.png,0
06104.png,1
06105.png,1
06106.png,0
06107.png,0
06108.png,1
06109.png,7
06110.png,1
06111.png,0
06112.png,0
06113.png,0
06114.png,7
06115.png,1
06116.png,0
06117.png,0
06118.png,1
06119.png,1
06120.png,0
06121.png,0
06122.png,6
06123.png,0
06124.png,1
06125.png,5
06126.png,7
06127.png,2
06128.png,1
06129.png,0
06130.png,1
06131.png,1
06132.png,1
06133.png,0
06134.png,1
06135.png,0
06136.png,1
06137.png,1
06138.png,0
06139.png,0
06140.png,0
06141.png,1
06142.png,1
06143.png,0
06144.png,1
06145.png,3
06146.png,1
06147.png,0
06148.png,2
06149.png,2
06150.png,1
06151.png,0
06152.png,0
06153.png,1
06154.png,0
06155.png,4
06156.png,1
06157.png,0
06158.png,1
06159.png,0
06160.png,0
06161.png,3
06162.png,0
06163.png,0
06164.png,3
06165.png,0
06166.png,1
06167.png,1
06168.png,1
06169.png,3
06170.png,8
06171.png,4
06172.png,1
06173.png,0
06174.png,1
06175.png,7
06176.png,3
06177.png,0
06178.png,2
06179.png,3
06180.png,7
06181.png,1
06182.png,0
06183.png,2
06184.png,8
06185.png,8
06186.png,7
06187.png,0
06188.png,4
06189.png,9
06190.png,0
06191.png,2
06192.png,1
06193.png,8
06194.png,9
06195.png,1
06196.png,6
06197.png,7
06198.png,2
06199.png,0
06200.png,7
06201.png,7
06202.png,2
06203.png,0
06204.png,8
06205.png,7
06206.png,4
06207.png,0
06208.png,7
06209.png,5
06210.png,9
06211.png,0
06212.png,1
06213.png,1
06214.png,6
06215.png,5
06216.png,3
06217.png,7
06218.png,1
06219.png,0
06220.png,7
06221.png,4
06222.png,1
06223.png,1
06224.png,1
06225.png,3
06226.png,0
06227.png,1
06228.png,1
06229.png,4
06230.png,2
06231.png,3
06232.png,0
06233.png,1
06234.png,1
06235.png,7
06236.png,5
06237.png,1
06238.png,3
06239.png,3
06240.png,3
06241.png,1
06242.png,0
06243.png,3
06244.png,0
06245.png,5
06246.png,7
06247.png,8
06248.png,4
06249.png,1
06250.png,9
06251.png,4
06252.png,0
06253.png,6
06254.png,7
06255.png,7
06256.png,4
06257.png,6
06258.png,8
06259.png,9
06260.png,4
06261.png,2
06262.png,5
06263.png,6
06264.png,0
06265.png,0
06266.png,0
06267.png,0
06268.png,7
06269.png,5
06270.png,3
06271.png,1
06272.png,7
06273.png,3
06274.png,6
06275.png,4
06276.png,3
06277.png,8
06278.png,4
06279.png,1
06280.png,1
06281.png,0
06282.png,4
06283.png,3
06284.png,6
06285.png,1
06286.png,3
06287.png,4
06288.png,8
06289.png,6
06290.png,1
06291.png,2
06292.png,6
06293.png,7
06294.png,6
06295.png,8
06296.png,1
06297.png,3
06298.png,7
06299.png,0
06300.png,0
06301.png,2
06302.png,5
06303.png,3
06304.png,0
06305.png,4
06306.png,1
06307.png,4
06308.png,2
06309.png,9
06310.png,3
06311.png,5
06312.png,0
06313.png,6
06314.png,6
06315.png,7
06316.png,8
06317.png,7
06318.png,7
06319.png,1
06320.png,2
06321.png,3
06322.png,3
06323.png,1
06324.png,2
06325.png,3
06326.png,6
06327.png,0
06328.png,2
06329.png,3
06330.png,2
06331.png,6
06332.png,0
06333.png,2
06334.png,6
06335.png,6
06336.png,1
06337.png,2
06338.png,0
06339.png,2
06340.png,3
06341.png,7
06342.png,0
06343.png,5
06344.png,1
06345.png,2
06346.png,0
06347.png,7
06348.png,2
06349.png,0
06350.png,0
06351.png,5
06352.png,2
06353.png,1
06354.png,2
06355.png,2
06356.png,0
06357.png,0
06358.png,5
06359.png,2
06360.png,5
06361.png,0
06362.png,3
06363.png,2
06364.png,0
06365.png,1
06366.png,6
06367.png,0
06368.png,3
06369.png,0
06370.png,0
06371.png,1
06372.png,6
06373.png,7
06374.png,4
06375.png,4
06376.png,6
06377.png,6
06378.png,2
06379.png,3
06380.png,3
06381.png,0
06382.png,1
06383.png,4
06384.png,9
06385.png,1
06386.png,1
06387.png,4
06388.png,6
06389.png,2
06390.png,6
06391.png,9
06392.png,6
06393.png,4
06394.png,7
06395.png,0
06396.png,7
06397.png,6
06398.png,3
06399.png,1
06400.png,5
06401.png,5
06402.png,3
06403.png,5
06404.png,6
06405.png,4
06406.png,0
06407.png,1
06408.png,9
06409.png,6
06410.png,3
06411.png,8
06412.png,3
06413.png,5
06414.png,2
06415.png,4
06416.png,0
06417.png,0
06418.png,1
06419.png,0
06420.png,1
06421.png,4
06422.png,0
06423.png,1
06424.png,4
06425.png,4
06426.png,6
06427.png,0
06428.png,5
06429.png,2
06430.png,4
06431.png,0
06432.png,7
06433.png,0
06434.png,4
06435.png,6
06436.png,1
06437.png,4
06438.png,0
06439.png,9
06440.png,7
06441.png,1
06442.png,6
06443.png,1
06444.png,6
06445.png,9
06446.png,2
06447.png,3
06448.png,4
06449.png,7
06450.png,4
06451.png,0
06452.png,1
06453.png,9
06454.png,6
06455.png,3
06456.png,8
06457.png,7
06458.png,7
06459.png,3
06460.png,3
06461.png,4
06462.png,2
06463.png,3
06464.png,3
06465.png,4
06466.png,5
06467.png,1
06468.png,3
06469.png,5
06470.png,9
06471.png,9
06472.png,4
06473.png,4
06474.png,4
06475.png,4
06476.png,2
06477.png,0
06478.png,7
06479.png,6
06480.png,4
06481.png,6
06482.png,3
06483.png,8
06484.png,3
06485.png,4
06486.png,3
06487.png,2
06488.png,3
06489.png,2
06490.png,3
06491.png,6
06492.png,0
06493.png,2
06494.png,0
06495.png,8
06496.png,7
06497.png,0
06498.png,4
06499.png,6
06500.png,6
06501.png,0
06502.png,4
06503.png,4
06504.png,6
06505.png,1
06506.png,9
06507.png,1
06508.png,6
06509.png,0
06510.png,3
06511.png,2
06512.png,1
06513.png,0
06514.png,5
06515.png,3
06516.png,6
06517.png,6
06518.png,1
06519.png,9
06520.png,1
06521.png,0
06522.png,7
06523.png,8
06524.png,3
06525.png,3
06526.png,0
06527.png,6
06528.png,7
06529.png,7
06530.png,4
06531.png,7
06532.png,5
06533.png,3
06534.png,8
06535.png,1
06536.png,7
06537.png,1
06538.png,4
06539.png,1
06540.png,1
06541.png,0
06542.png,3
06543.png,1
06544.png,6
06545.png,8
06546.png,2
06547.png,1
06548.png,8
06549.png,7
06550.png,1
06551.png,8
06552.png,4
06553.png,2
06554.png,7
06555.png,2
06556.png,6
06557.png,4
06558.png,7
06559.png,7
06560.png,0
06561.png,7
06562.png,8
06563.png,0
06564.png,3
06565.png,6
06566.png,2
06567.png,1
06568.png,4
06569.png,6
06570.png,1
06571.png,2
06572.png,3
06573.png,4
06574.png,6
06575.png,1
06576.png,2
06577.png,2
06578.png,9
06579.png,6
06580.png,1
06581.png,6
06582.png,2
06583.png,3
06584.png,7
06585.png,8
06586.png,1
06587.png,4
06588.png,0
06589.png,0
06590.png,5
06591.png,7
06592.png,8
06593.png,3
06594.png,3
06595.png,5
06596.png,7
06597.png,2
06598.png,0
06599.png,8
06600.png,2
06601.png,1
06602.png,1
06603.png,6
06604.png,1
06605.png,8
06606.png,4
06607.png,8
06608.png,6
06609.png,1
06610.png,2
06611.png,8
06612.png,6
06613.png,1
06614.png,0
06615.png,0
06616.png,6
06617.png,8
06618.png,1
06619.png,4
06620.png,1
06621.png,0
06622.png,7
06623.png,4
06624.png,3
06625.png,6
06626.png,7
06627.png,1
06628.png,1
06629.png,4
06630.png,6
06631.png,8
06632.png,3
06633.png,3
06634.png,0
06635.png,5
06636.png,5
06637.png,1
06638.png,0
06639.png,1
06640.png,1
06641.png,4
06642.png,1
06643.png,1
06644.png,1
06645.png,0
06646.png,3
06647.png,5
06648.png,5
06649.png,4
06650.png,4
06651.png,4
06652.png,0
06653.png,3
06654.png,7
06655.png,5
06656.png,0
06657.png,5
06658.png,3
06659.png,0
06660.png,4
06661.png,1
06662.png,0
06663.png,9
06664.png,4
06665.png,5
06666.png,3
06667.png,0
06668.png,3
06669.png,4
06670.png,0
06671.png,0
06672.png,1
06673.png,5
06674.png,3
06675.png,0
06676.png,5
06677.png,4
06678.png,0
06679.png,2
06680.png,0
06681.png,0
06682.png,7
06683.png,1
06684.png,3
06685.png,7
06686.png,7
06687.png,7
06688.png,1
06689.png,1
06690.png,3
06691.png,7
06692.png,8
06693.png,5
06694.png,0
06695.png,4
06696.png,0
06697.png,3
06698.png,7
06699.png,5
06700.png,8
06701.png,5
06702.png,9
06703.png,2
06704.png,2
06705.png,0
06706.png,0
06707.png,0
06708.png,0
06709.png,7
06710.png,3
06711.png,7
06712.png,3
06713.png,7
06714.png,2
06715.png,0
06716.png,3
06717.png,4
06718.png,2
06719.png,2
06720.png,4
06721.png,7
06722.png,1
06723.png,4
06724.png,7
06725.png,0
06726.png,0
06727.png,2
06728.png,5
06729.png,0
06730.png,0
06731.png,6
06732.png,7
06733.png,5
06734.png,4
06735.png,5
06736.png,9
06737.png,7
06738.png,0
06739.png,7
06740.png,4
06741.png,7
06742.png,3
06743.png,1
06744.png,2
06745.png,7
06746.png,7
06747.png,1
06748.png,1
06749.png,1
06750.png,9
06751.png,6
06752.png,7
06753.png,6
06754.png,7
06755.png,1
06756.png,6
06757.png,0
06758.png,8
06759.png,0
06760.png,0
06761.png,7
06762.png,6
06763.png,8
06764.png,0
06765.png,0
06766.png,1
06767.png,1
06768.png,2
06769.png,7
06770.png,1
06771.png,1
06772.png,0
06773.png,5
06774.png,7
06775.png,1
06776.png,0
06777.png,5
06778.png,5
06779.png,7
06780.png,1
06781.png,2
06782.png,4
06783.png,9
06784.png,7
06785.png,0
06786.png,7
06787.png,5
06788.png,8
06789.png,1
06790.png,1
06791.png,7
06792.png,3
06793.png,1
06794.png,5
06795.png,7
06796.png,4
06797.png,0
06798.png,0
06799.png,4
06800.png,0
06801.png,1
06802.png,1
06803.png,4
06804.png,1
06805.png,5
06806.png,4
06807.png,6
06808.png,5
06809.png,9
06810.png,6
06811.png,8
06812.png,1
06813.png,6
06814.png,6
06815.png,4
06816.png,4
06817.png,1
06818.png,7
06819.png,3
06820.png,5
06821.png,7
06822.png,6
06823.png,7
06824.png,8
06825.png,7
06826.png,1
06827.png,2
06828.png,1
06829.png,2
06830.png,9
06831.png,1
06832.png,7
06833.png,1
06834.png,1
06835.png,5
06836.png,4
06837.png,1
06838.png,6
06839.png,6
06840.png,4
06841.png,1
06842.png,2
06843.png,0
06844.png,1
06845.png,0
06846.png,4
06847.png,4
06848.png,5
06849.png,3
06850.png,4
06851.png,8
06852.png,7
06853.png,6
06854.png,1
06855.png,4
06856.png,8
06857.png,2
06858.png,0
06859.png,7
06860.png,6
06861.png,0
06862.png,6
06863.png,9
06864.png,8
06865.png,1
06866.png,4
06867.png,6
06868.png,5
06869.png,7
06870.png,5
06871.png,1
06872.png,5
06873.png,0
06874.png,1
06875.png,4
06876.png,1
06877.png,6
06878.png,5
06879.png,1
06880.png,4
06881.png,4
06882.png,4
06883.png,7
06884.png,4
06885.png,2
06886.png,4
06887.png,7
06888.png,7
06889.png,2
06890.png,3
06891.png,4
06892.png,7
06893.png,1
06894.png,5
06895.png,6
06896.png,1
06897.png,4
06898.png,7
06899.png,2
06900.png,0
06901.png,5
06902.png,1
06903.png,4
06904.png,3
06905.png,2
06906.png,1
06907.png,4
06908.png,4
06909.png,7
06910.png,3
06911.png,7
06912.png,4
06913.png,4
06914.png,4
06915.png,7
06916.png,1
06917.png,1
06918.png,4
06919.png,4
06920.png,3
06921.png,3
06922.png,4
06923.png,1
06924.png,0
06925.png,5
06926.png,0
06927.png,4
06928.png,4
06929.png,5
06930.png,6
06931.png,9
06932.png,0
06933.png,1
06934.png,5
06935.png,5
06936.png,8
06937.png,5
06938.png,4
06939.png,4
06940.png,0
06941.png,4
06942.png,5
06943.png,3
06944.png,4
06945.png,2
06946.png,0
06947.png,3
06948.png,0
06949.png,5
06950.png,4
06951.png,1
06952.png,0
06953.png,3
06954.png,0
06955.png,4
06956.png,6
06957.png,4
06958.png,1
06959.png,7
06960.png,0
06961.png,3
06962.png,5
06963.png,1
06964.png,3
06965.png,3
06966.png,2
06967.png,3
06968.png,3
06969.png,3
06970.png,4
06971.png,1
06972.png,3
06973.png,4
06974.png,5
06975.png,7
06976.png,6
06977.png,5
06978.png,0
06979.png,3
06980.png,6
06981.png,7
06982.png,0
06983.png,0
06984.png,5
06985.png,5
06986.png,0
06987.png,3
06988.png,4
06989.png,6
06990.png,4
06991.png,1
06992.png,3
06993.png,6
06994.png,4
06995.png,1
06996.png,1
06997.png,6
06998.png,9
06999.png,1
07000.png,1
07001.png,6
07002.png,1
07003.png,0
07004.png,1
07005.png,4
07006.png,1
07007.png,1
07008.png,1
07009.png,6
07010.png,2
07011.png,1
07012.png,5
07013.png,6
07014.png,0
07015.png,4
07016.png,3
07017.png,6
07018.png,7
07019.png,0
07020.png,7
07021.png,8
07022.png,4
07023.png,1
07024.png,1
07025.png,7
07026.png,6
07027.png,0
07028.png,1
07029.png,4
07030.png,7
07031.png,5
07032.png,7
07033.png,4
07034.png,6
07035.png,3
07036.png,7
07037.png,1
07038.png,0
07039.png,3
07040.png,3
07041.png,1
07042.png,4
07043.png,4
07044.png,4
07045.png,7
07046.png,1
07047.png,0
07048.png,5
07049.png,7
07050.png,1
07051.png,1
07052.png,2
07053.png,9
07054.png,4
07055.png,1
07056.png,1
07057.png,1
07058.png,6
07059.png,0
07060.png,0
07061.png,7
07062.png,0
07063.png,3
07064.png,3
07065.png,0
07066.png,1
07067.png,0
07068.png,5
07069.png,0
07070.png,1
07071.png,0
07072.png,9
07073.png,0
07074.png,6
07075.png,0
07076.png,6
07077.png,3
07078.png,7
07079.png,0
07080.png,9
07081.png,0
07082.png,2
07083.png,7
07084.png,4
07085.png,5
07086.png,2
07087.png,5
07088.png,0
07089.png,6
07090.png,7
07091.png,7
07092.png,0
07093.png,1
07094.png,2
07095.png,9
07096.png,5
07097.png,5
07098.png,0
07099.png,2
07100.png,7
07101.png,0
07102.png,5
07103.png,5
07104.png,0
07105.png,1
07106.png,2
07107.png,7
07108.png,1
07109.png,1
07110.png,0
07111.png,5
07112.png,1
07113.png,7
07114.png,0
07115.png,1
07116.png,2
07117.png,4
07118.png,3
07119.png,1
07120.png,7
07121.png,6
07122.png,4
07123.png,1
07124.png,6
07125.png,7
07126.png,0
07127.png,0
07128.png,5
07129.png,7
07130.png,1
07131.png,8
07132.png,8
07133.png,6
07134.png,0
07135.png,0
07136.png,1
07137.png,9
07138.png,7
07139.png,0
07140.png,1
07141.png,5
07142.png,7
07143.png,9
07144.png,1
07145.png,1
07146.png,5
07147.png,7
07148.png,5
07149.png,7
07150.png,2
07151.png,1
07152.png,1
07153.png,3
07154.png,0
07155.png,5
07156.png,8
07157.png,8
07158.png,5
07159.png,1
07160.png,7
07161.png,3
07162.png,7
07163.png,1
07164.png,1
07165.png,6
07166.png,7
07167.png,7
07168.png,5
07169.png,3
07170.png,5
07171.png,7
07172.png,2
07173.png,0
07174.png,0
07175.png,1
07176.png,5
07177.png,3
07178.png,6
07179.png,2
07180.png,7
07181.png,2
07182.png,2
07183.png,0
07184.png,3
07185.png,2
07186.png,4
07187.png,3
07188.png,3
07189.png,3
07190.png,5
07191.png,5
07192.png,1
07193.png,2
07194.png,1
07195.png,2
07196.png,7
07197.png,3
07198.png,1
07199.png,5
07200.png,7
07201.png,5
07202.png,0
07203.png,5
07204.png,3
07205.png,8
07206.png,0
07207.png,3
07208.png,1
07209.png,7
07210.png,1
07211.png,3
07212.png,7
07213.png,1
07214.png,7
07215.png,1
07216.png,4
07217.png,1
07218.png,1
07219.png,4
07220.png,1
07221.png,2
07222.png,7
07223.png,1
07224.png,1
07225.png,6
07226.png,1
07227.png,1
07228.png,1
07229.png,4
07230.png,0
07231.png,1
07232.png,4
07233.png,1
07234.png,0
07235.png,1
07236.png,7
07237.png,1
07238.png,3
07239.png,3
07240.png,5
07241.png,7
07242.png,2
07243.png,6
07244.png,8
07245.png,0
07246.png,3
07247.png,1
07248.png,3
07249.png,1
07250.png,4
07251.png,1
07252.png,8
07253.png,6
07254.png,6
07255.png,3
07256.png,5
07257.png,4
07258.png,2
07259.png,2
07260.png,3
07261.png,7
07262.png,2
07263.png,7
07264.png,7
07265.png,2
07266.png,1
07267.png,1
07268.png,0
07269.png,0
07270.png,4
07271.png,6
07272.png,0
07273.png,1
07274.png,0
07275.png,8
07276.png,6
07277.png,1
07278.png,7
07279.png,1
07280.png,5
07281.png,7
07282.png,0
07283.png,0
07284.png,1
07285.png,5
07286.png,1
07287.png,0
07288.png,6
07289.png,1
07290.png,0
07291.png,5
07292.png,6
07293.png,3
07294.png,1
07295.png,1
07296.png,0
07297.png,6
07298.png,4
07299.png,1
07300.png,1
07301.png,1
07302.png,0
07303.png,3
07304.png,0
07305.png,4
07306.png,5
07307.png,2
07308.png,2
07309.png,0
07310.png,0
07311.png,7
07312.png,7
07313.png,7
07314.png,9
07315.png,9
07316.png,6
07317.png,6
07318.png,8
07319.png,1
07320.png,0
07321.png,8
07322.png,5
07323.png,7
07324.png,0
07325.png,8
07326.png,5
07327.png,5
07328.png,9
07329.png,1
07330.png,3
07331.png,1
07332.png,4
07333.png,7
07334.png,6
07335.png,5
07336.png,4
07337.png,6
07338.png,0
07339.png,5
07340.png,1
07341.png,8
07342.png,3
07343.png,0
07344.png,1
07345.png,5
07346.png,7
07347.png,2
07348.png,9
07349.png,9
07350.png,5
07351.png,0
07352.png,1
07353.png,7
07354.png,1
07355.png,0
07356.png,1
07357.png,4
07358.png,0
07359.png,1
07360.png,0
07361.png,9
07362.png,7
07363.png,0
07364.png,7
07365.png,5
07366.png,9
07367.png,3
07368.png,3
07369.png,1
07370.png,7
07371.png,2
07372.png,0
07373.png,1
07374.png,5
07375.png,5
07376.png,1
07377.png,0
07378.png,5
07379.png,5
07380.png,1
07381.png,0
07382.png,6
07383.png,5
07384.png,1
07385.png,8
07386.png,2
07387.png,3
07388.png,1
07389.png,2
07390.png,1
07391.png,4
07392.png,1
07393.png,0
07394.png,1
07395.png,0
07396.png,7
07397.png,3
07398.png,1
07399.png,7
07400.png,8
07401.png,3
07402.png,6
07403.png,5
07404.png,5
07405.png,4
07406.png,6
07407.png,0
07408.png,5
07409.png,5
07410.png,4
07411.png,6
07412.png,0
07413.png,1
07414.png,0
07415.png,5
07416.png,5
07417.png,1
07418.png,8
07419.png,2
07420.png,5
07421.png,5
07422.png,1
07423.png,0
07424.png,5
07425.png,0
07426.png,3
07427.png,0
07428.png,7
07429.png,3
07430.png,5
07431.png,2
07432.png,0
07433.png,7
07434.png,4
07435.png,4
07436.png,0
07437.png,1
